排名,代號,名稱,股價日期,成交,漲跌價,漲跌幅,股利發放年度,股利發放頻率,現金股利,股票股利,合計股利,除息價,除息價現金殖利率,除權價,除權價股票殖利率,除權息合計殖利率,除息交易日,除權交易日,現金股利發放日
1,2540,愛山林,09/04,47.15,0,0,2026,年,6,0,6,54.9,10.9,,0,10.9,'26/08/10,,'26/08/27
2,3056,富華新,09/04,14.1,+0.1,+0.71,2026,年,0.616,0,0.616,14.85,4.15,,0,4.15,'26/07/23,,'26/08/14
3,6221,晉泰,09/04,21.45,-0.05,-0.23,2026,年,1.2,0,1.2,23.05,5.21,,0,5.21,'26/08/27,,'26/09/24
4,1436,華友聯,09/04,38.35,+0.2,+0.52,2026,年,5.048,0,5.048,45.3,11.1,,0,11.1,'26/07/23,,'26/08/21
5,2364,倫飛,09/04,67.4,+1.4,+2.12,2026,年,2,1,3,76.8,2.6,76.8,1.3,3.91,'26/08/28,'26/08/28,'26/10/02
6,2743,山富,09/04,59.1,+0.6,+1.03,2026,年,3.2,0,3.2,59.1,5.41,,0,5.41,'26/09/08,,'26/10/05
7,7689,大鵬科CLMX,09/04,172.5,+2,+1.17,2026,年,5.5,0,5.5,250,2.2,,0,2.2,'26/06/23,,'26/07/24
8,7734,印能科技,09/04,2890,+180,+6.64,2026,年,19.85,0,19.85,3190,0.62,,0,0.62,'26/07/06,,'26/07/30
9,7610,聯友金屬-創,09/04,1820,+165,+9.97,2026,年,0.5,2.001,2.501,2650,0.02,2650,0.08,0.09,'26/07/13,'26/07/13,'26/08/17
10,2949,欣新網,09/04,60.8,0,0,2026,年,2.031,0,2.031,59,3.44,,0,3.44,'26/07/30,,'26/08/27
11,1235,興泰,09/04,38.05,+0.05,+0.13,2026,年,0.5,0.5,1,38.05,1.31,38.05,1.31,2.63,,,
12,1773,勝一,09/04,162.5,+1.5,+0.93,2026,年,4,0,4,177.5,2.25,,0,2.25,'26/06/17,,'26/07/16
13,2230,泰茂,09/04,22.8,+0.8,+3.64,2026,年,0.609,0,0.609,25.55,2.38,,0,2.38,'26/07/01,,'26/07/24
14,2539,櫻花建,09/04,35,-0.1,-0.28,2026,年,0.6,2.2,2.8,41.25,1.45,41.25,5.33,6.79,'26/08/20,'26/08/20,'26/09/24
15,2597,潤弘,09/04,169,+1,+0.6,2026,年,9.67,0,9.67,183.5,5.27,,0,5.27,'26/06/18,,'26/07/03
16,4303,信立,09/04,34.7,-0.8,-2.25,2026,年,1,4,5,54.6,1.83,54.6,7.33,9.16,'26/08/27,'26/08/27,'26/09/24
17,5283,禾聯碩,09/04,54.2,+0.4,+0.74,2026,半年,0.4,1.6,2,61.1,0.65,61.1,2.62,3.27,'26/08/28,'26/08/28,'26/10/02
18,6482,弘煜科,09/04,25.15,+0.4,+1.62,2026,年,2,0,2,29,6.9,,0,6.9,'26/08/25,,'26/09/22
19,7730,暉盛-創,09/04,186.5,-1.5,-0.8,2026,年,1,0.5,1.5,185,0.54,185,0.27,0.81,'26/08/28,'26/08/28,'26/09/30
20,6189,豐藝,09/04,48.15,+0.1,+0.21,2026,年,2.7,0,2.7,53.4,5.06,,0,5.06,'26/06/25,,'26/07/24
21,6472,保瑞,09/04,416,+4.5,+1.09,2026,半年,10,0,10,384,2.6,,0,2.6,'26/07/31,,'26/08/26
22,2755,揚秦,09/04,100.5,-2,-1.95,2026,年,3.45,2.465,5.915,137.5,2.51,137.5,1.79,4.3,'26/07/16,'26/07/16,'26/08/20
23,2543,皇昌,09/04,38.45,+0.1,+0.26,2026,半年,1.028,0,1.028,37.45,2.74,,0,2.74,'26/08/04,,'26/08/28
24,8927,北基,09/04,19.55,+0.05,+0.26,2026,年,0.306,0,0.306,21.05,1.45,,0,1.45,'26/08/10,,'26/09/04
25,6720,久昌,09/04,131.5,0,0,2026,年,3.5,0,3.5,173,2.02,,0,2.02,'26/03/19,,'26/04/22
26,6590,普鴻,09/04,66,+0.5,+0.76,2026,半年,2.8,1.5,4.3,72,3.89,66,2.27,6.16,'26/04/01,'26/09/08,'26/04/24
27,3483,力致,09/04,80,+1.8,+2.3,2026,年,3,0,3,76.4,3.93,,0,3.93,'26/08/04,,'26/09/02
28,6691,洋基工程,09/04,619,+16,+2.65,2026,年,21,1,22,706,2.97,706,0.14,3.12,'26/08/20,'26/08/20,'26/09/24
29,6762,達亞,09/04,165,0,0,2026,年,0.5,0.5,1,176.5,0.28,176.5,0.28,0.57,'26/07/10,'26/07/10,'26/08/17
30,6873,泓德能源,09/04,68.1,0,0,2026,年,2.538,0,2.538,68.6,3.7,,0,3.7,'26/08/25,,'26/09/22
31,6955,邦睿生技-創,09/04,100,+1.1,+1.11,2026,年,1.5,2.25,3.75,167,0.9,120,1.88,2.77,'26/03/19,'26/08/26,'26/04/10
32,8440,綠電,09/04,20.2,+0.15,+0.75,2026,年,0.2,0,0.2,22.25,0.9,,0,0.9,'26/06/17,,'26/07/16
33,5386,青雲,09/04,258.5,-1.5,-0.58,2026,年,1.5,5,6.5,378,0.4,378,1.32,1.72,'26/07/20,'26/07/20,'26/08/14
34,4161,聿新科,09/04,22.8,+0.1,+0.44,2026,年,0.7,0,0.7,23.1,3.03,,0,3.03,'26/07/16,,'26/08/14
35,4554,橙的,09/04,29.3,+0.1,+0.34,2026,年,0.5,1.5,2,32.75,1.53,32.75,4.58,6.11,'26/08/25,'26/08/25,'26/09/29
36,6186,新潤,09/04,31.3,-0.45,-1.42,2026,年,5.008,0,5.008,42.45,11.8,,0,11.8,'26/08/06,,'26/08/31
37,8099,大世科,09/04,61.2,-0.3,-0.49,2026,年,2.1,0,2.1,61.2,3.43,,0,3.43,'26/09/07,,'26/09/30
38,6469,大樹,09/04,67.4,+0.2,+0.3,2026,年,3.158,0.6,3.757,77.4,4.08,77.4,0.77,4.85,'26/08/04,'26/08/04,'26/08/26
39,8089,康全電訊,09/04,17.05,-0.05,-0.29,2026,年,0,0,0,,0,,0,0,,,
40,3147,大綜,09/04,223.5,+8.5,+3.95,2026,年,6.5,0,6.5,224,2.9,,0,2.9,'26/08/21,,'26/09/18
41,3284,太普高,09/04,20.85,+0.25,+1.21,2026,年,0.5,0,0.5,29,1.72,,0,1.72,'26/07/09,,'26/08/03
42,7839,達人網,09/04,43.95,-0.35,-0.79,2026,年,2.035,0,2.035,47.3,4.3,,0,4.3,'26/07/03,,'26/07/29
43,2374,佳能,09/04,68.3,+0.4,+0.59,2026,年,1.992,0,1.992,69.3,2.87,,0,2.87,'26/08/19,,'26/09/16
44,3317,尼克森,09/04,62.6,+1.6,+2.62,2026,年,0.5,0,0.5,65,0.77,,0,0.77,'26/08/25,,'26/09/17
45,5547,久舜,09/04,19.65,0,0,2026,年,0.68,1.261,1.941,23.2,2.93,23.2,5.44,8.37,'26/07/07,'26/07/07,'26/08/11
46,6446,藥華藥,09/04,1310,-40,-2.96,2026,年,1.49,1.093,2.583,1530,0.1,1530,0.07,0.17,'26/07/09,'26/07/09,'26/08/06
47,2493,揚博,09/04,181.5,+2.5,+1.4,2026,年,4,0,4,270,1.48,,0,1.48,'26/07/09,,'26/08/05
48,8431,匯鑽科,09/04,68.8,+5.1,+8.01,2026,半年,0,0,0,,0,,0,0,,,
49,2729,瓦城,09/04,156,+0.5,+0.32,2026,年,6.93,0,6.93,162.5,4.26,,0,4.26,'26/08/25,,'26/09/18
50,1294,漢田生技,09/04,53.4,0,0,2026,年,3,2,5,79.5,3.77,79.5,2.52,6.29,'26/07/03,'26/07/03,'26/07/31
51,9933,中鼎,09/04,40.4,-0.4,-0.98,2026,年,0.763,0.191,0.954,40.4,1.89,40.4,0.47,2.36,'26/09/08,'26/09/08,'26/10/08
52,3563,牧德,09/04,693,+17,+2.51,2026,半年,13,0,13,675,1.92,,0,1.92,'26/06/29,,'26/07/24
53,3546,宇峻,09/04,71.5,+0.2,+0.28,2026,年,2,0.5,2.5,83.5,2.4,83.5,0.6,2.99,'26/07/07,'26/07/07,'26/08/11
54,1231,聯華食,09/04,80.6,+0.6,+0.75,2026,年,1.5,1,2.5,90.3,1.66,90.3,1.11,2.77,'26/07/30,'26/07/30,'26/09/04
55,1519,華城,09/04,746,+24,+3.32,2026,年,11,1,12,713,1.54,713,0.14,1.68,'26/08/05,'26/08/05,'26/08/26
56,2520,冠德,09/04,37.1,+0.2,+0.54,2026,年,1.616,0,1.616,34.7,4.66,,0,4.66,'26/08/10,,'26/09/04
57,2855,統一證,09/04,50.7,+0.1,+0.2,2026,年,2.11,0,2.11,52,4.06,,0,4.06,'26/06/23,,'26/07/17
58,2937,集雅社,09/04,44.3,+0.2,+0.45,2026,年,2.1,1,3.1,48.65,4.32,48.65,2.06,6.37,'26/03/30,'26/08/31,'26/05/22
59,2947,振宇五金,09/04,61.7,+0.2,+0.33,2026,半年,1.1,1,2.1,80,1.38,79.5,1.26,2.63,'26/03/26,'26/07/06,'26/04/24
60,3373,熱映,09/04,16.35,-0.05,-0.3,2026,年,0.1,1,1.1,16.65,0.6,16.35,6.12,6.72,'26/08/28,,'26/09/24
61,3706,神達,09/04,92.5,+1,+1.09,2026,年,3,1,4,92.5,3.24,92.5,1.08,4.32,'26/09/09,'26/09/09,'26/10/08
62,4138,曜亞,09/04,53.1,+0.4,+0.76,2026,年,4.2,0,4.2,65.5,6.41,,0,6.41,'26/04/23,,'26/05/14
63,4205,中華食,09/04,69.8,+0.1,+0.14,2026,年,3.5,0,3.5,74.7,4.69,,0,4.69,'26/07/17,,'26/08/12
64,5206,坤悅,09/04,23.6,+0.25,+1.07,2026,年,1,0.5,1.5,22.6,4.42,22.6,2.21,6.64,'26/07/16,'26/07/16,'26/08/14
65,5222,全訊,09/04,104.5,+0.5,+0.48,2026,年,2.5,1,3.5,135,1.85,117.5,0.85,2.7,'26/03/30,'26/08/20,'26/04/27
66,5292,華懋,09/04,220.5,+1.5,+0.68,2026,年,5.5,1,6.5,223.5,2.46,223.5,0.45,2.91,'26/07/09,'26/07/09,'26/08/03
67,6016,康和證,09/04,22.4,+1,+4.67,2026,年,0.155,1.25,1.405,24.45,0.63,24.45,5.11,5.75,'26/07/27,'26/07/27,'26/08/20
68,6028,公勝保經,09/04,96.6,-1,-1.02,2026,年,6,0,6,90.2,6.65,,0,6.65,'26/04/09,,'26/05/08
69,6140,訊達,09/04,16.7,+0.15,+0.91,2026,年,0,0,0,,0,,0,0,,,
70,6612,奈米醫材,09/04,70.6,-0.3,-0.42,2026,年,0.302,1.008,1.31,73.5,0.41,73.5,1.37,1.78,'26/08/26,'26/08/26,'26/09/24
71,6703,軒郁,09/04,103.5,+1.5,+1.47,2026,半年,4.8,1,5.8,120.5,3.98,117,0.85,4.84,'26/03/26,'26/07/16,'26/04/30
72,6796,晉弘,09/04,59.7,+0.4,+0.67,2026,年,0.25,0,0.25,60,0.42,,0,0.42,'26/07/24,,'26/08/14
73,6877,鏵友益,09/04,110.5,+0.5,+0.45,2026,年,0.5,0,0.5,125,0.4,,0,0.4,'26/07/20,,'26/08/13
74,7820,立盈,09/04,118,0,0,2026,年,1.5,0,1.5,120,1.25,,0,1.25,'26/06/16,,'26/07/14
75,6712,長聖,09/04,157,+0.5,+0.32,2026,年,3.5,0.5,4,143.5,2.44,139,0.36,2.8,'26/04/16,'26/05/14,'26/05/08
76,8349,恒耀,09/04,38.95,-0.05,-0.13,2026,年,1.536,0,1.536,40.6,3.78,,0,3.78,'26/06/26,,'26/07/29
77,4737,華廣,09/04,58.6,+0.9,+1.56,2026,年,0,0,0,,0,,0,0,,,
78,4114,健喬,09/04,29.8,+0.2,+0.68,2026,年,0.848,0.798,1.647,33.25,2.55,33.25,2.4,4.95,'26/07/17,'26/07/17,'26/08/20
79,3128,昇銳,09/04,20.1,+0.05,+0.25,2026,年,0.4,0.6,1,22.95,1.74,22.95,2.61,4.36,'26/08/26,'26/08/26,'26/09/30
80,2614,東森,09/04,18.3,+0.15,+0.83,2026,年,0.4,0.8,1.2,18.3,2.19,18.3,4.37,6.56,'26/10/06,'26/10/06,'26/11/23
81,3434,哲固,09/04,29.6,+0.1,+0.34,2026,年,1.2,0,1.2,31.1,3.86,,0,3.86,'26/08/24,,'26/09/16
82,4911,德英,09/04,29.85,0,0,2026,年,1.166,0.8,1.966,35.15,3.32,35.15,2.28,5.59,'26/07/28,'26/07/28,'26/08/20
83,5864,致和證,09/04,37.15,+0.85,+2.34,2026,年,0.5,1.1,1.6,46.15,1.08,46.15,2.38,3.47,'26/07/03,'26/07/03,'26/08/07
84,6958,日盛台駿,09/04,17.35,+0.15,+0.87,2026,年,0,0.502,0.502,,0,18.65,2.69,2.69,,'26/08/11,
85,2812,台中銀,09/04,19.35,-0.1,-0.51,2026,年,0.39,0.67,1.06,20.65,1.89,20.65,3.24,5.13,'26/08/04,'26/08/04,'26/09/09
86,1240,茂生農經,09/04,55.5,+0.5,+0.91,2026,年,3,0.5,3.5,58.1,5.16,58,0.86,6.03,'26/07/15,'26/09/02,'26/08/12
87,2838,聯邦銀,09/04,20.85,+0.2,+0.97,2026,年,0.46,0.6,1.06,22.95,2,22.95,2.61,4.62,'26/07/15,'26/07/15,'26/08/14
88,5525,順天,09/04,22.15,+0.15,+0.68,2026,年,1.2,0,1.2,23.25,5.16,,0,5.16,'26/08/06,,'26/09/04
89,6865,偉康科技,09/04,25.55,+0.45,+1.79,2026,年,1.402,0,1.402,34.55,4.06,,0,4.06,'26/03/26,,'26/04/22
90,8401,白紗科,09/04,22.75,-0.05,-0.22,2026,年,1.2,0,1.2,26.6,4.51,,0,4.51,'26/03/27,,'26/04/24
91,3073,天方能源,09/04,22.6,0,0,2026,年,0,0,0,,0,,0,0,,,
92,2546,根基,09/04,107.5,+0.5,+0.47,2026,年,4.8,1.2,6,99.1,4.84,99.1,1.21,6.05,'26/08/10,'26/08/10,'26/09/04
93,2834,臺企銀,09/04,17,-0.1,-0.58,2026,年,0.3,0.7,1,18.2,1.65,18.2,3.85,5.49,'26/08/04,'26/08/04,'26/09/02
94,4741,泓瀚,09/04,40.35,-0.05,-0.12,2026,年,0.3,0,0.3,64.6,0.46,,0,0.46,'26/06/22,,'26/07/10
95,6294,智基,09/04,28.75,0,0,2026,年,3,0,3,41.9,7.16,,0,7.16,'26/04/16,,'26/05/13
96,6266,泰詠,09/04,24.75,+0.15,+0.61,2026,年,1.78,0,1.78,27.4,6.5,,0,6.5,'26/06/11,,'26/07/10
97,1225,福懋油,09/04,25,+0.1,+0.4,2026,年,1,0,1,25,4,,0,4,,,
98,4716,大立,09/04,17.3,+0.2,+1.17,2026,年,0,0,0,,0,,0,0,,,
99,4123,晟德,09/04,30.15,-0.4,-1.31,2026,年,1.747,0.499,2.246,34.3,5.09,34.3,1.45,6.55,'26/08/17,'26/08/17,'26/09/11
100,2515,中工,09/04,12.15,+0.2,+1.67,2026,年,0,0.501,0.501,,0,13.9,3.6,3.6,,'26/07/16,
101,6913,鴻呈,09/04,151,+2,+1.34,2026,年,2.5,0,2.5,136,1.84,,0,1.84,'26/06/10,,'26/07/06
102,6752,叡揚,09/04,96.3,-0.7,-0.72,2026,年,4.5,0.3,4.8,118.5,3.8,99.8,0.3,4.1,'26/03/27,'26/08/25,'26/04/27
103,3086,華義*,09/04,29.6,-0.4,-1.33,2026,年,0,0,0,,0,,0,0,,,
104,6735,美達科技,09/04,63.3,+2.5,+4.11,2026,年,0.7,0,0.7,66.8,1.05,,0,1.05,'26/07/21,,'26/08/10
105,6219,富旺,09/04,12.6,+0.2,+1.61,2026,季,0,0,0,,0,,0,0,,,
106,1229,聯華,09/04,41.85,-0.25,-0.59,2026,季,1.801,0.2,2.001,42.7,4.22,42.7,0.47,4.69,'26/07/08,'26/07/08,'26/08/06
107,1615,大山,09/04,44,-0.3,-0.68,2026,年,2.5,0.1,2.6,46.55,5.37,46.55,0.21,5.59,'26/07/21,'26/07/21,'26/08/07
108,1734,杏輝,09/04,30.6,0,0,2026,年,1,0.6,1.6,32.55,3.07,32.5,1.85,4.92,'26/07/24,'26/08/27,'26/08/28
109,2528,皇普,09/04,20.25,+0.45,+2.27,2026,半年,1.5,1.5,3,26.95,5.57,22,6.82,12.4,'26/03/26,'26/07/28,'26/05/15
110,2542,興富發,09/04,48.55,-0.1,-0.21,2026,年,4,0,4,48.55,8.24,,0,8.24,'26/09/23,,'26/10/30
111,2548,華固,09/04,94.6,+1.1,+1.18,2026,年,8,0.5,8.5,122.5,6.53,102,0.49,7.02,'26/06/02,'26/07/22,'26/06/25
112,2801,彰銀,09/04,26.6,0,0,2026,年,0.8,0.25,1.05,25.2,3.17,25.2,0.99,4.17,'26/08/05,'26/08/05,'26/08/31
113,3557,嘉威,09/04,24.2,+0.2,+0.83,2026,年,0.3,0,0.3,26.4,1.14,,0,1.14,'26/07/06,,'26/07/31
114,4104,佳醫,09/04,70.9,+0.1,+0.14,2026,年,4.3,0,4.3,78.6,5.47,,0,5.47,'26/04/23,,'26/05/21
115,4111,濟生,09/04,28.7,+0.05,+0.17,2026,年,1.3,0,1.3,30.1,4.32,,0,4.32,'26/08/25,,'26/09/22
116,4148,全宇生技-KY,09/04,31.8,+0.5,+1.6,2026,半年,1,0,1,30.45,3.28,,0,3.28,'26/07/08,,'26/07/31
117,4760,勤凱,09/04,264,+6,+2.33,2026,年,4.5,0.199,4.699,196.5,2.29,261,0.08,2.37,'26/04/01,'26/09/01,'26/07/08
118,4768,晶呈科技,09/04,306,+15.5,+5.34,2026,年,0.85,0.15,1,315,0.27,315,0.05,0.32,'26/08/25,'26/08/25,'26/09/30
119,4912,聯德控股-KY,09/04,102,+0.5,+0.49,2026,季,1.8,0,1.8,102,1.67,,0,1.67,'26/09/10,,'26/10/15
120,5706,鳳凰,09/04,44.7,0,0,2026,年,4.539,0,4.539,51.5,8.81,,0,8.81,'26/06/29,,'26/07/24
121,6177,達麗,09/04,49.2,+0.45,+0.92,2026,年,3,0,3,48.4,6.2,,0,6.2,'26/08/20,,'26/09/15
122,6279,胡連,09/04,117.5,-0.5,-0.42,2026,年,5.5,0,5.5,127,4.33,,0,4.33,'26/09/03,,'26/10/08
123,7556,意德士,09/04,248.5,+3.5,+1.43,2026,年,4.042,0.493,4.535,282,1.43,282,0.17,1.61,'26/07/09,'26/07/09,'26/08/14
124,8404,百和興業-KY,09/04,16.2,-0.05,-0.31,2026,年,0.5,0,0.5,16.65,3,,0,3,'26/08/04,,'26/08/31
125,8454,富邦媒,09/04,245,+7,+2.94,2026,年,10,0,10,449.5,2.22,,0,2.22,'26/06/11,,'26/07/14
126,9941,裕融,09/04,81.3,+0.4,+0.49,2026,年,4.38,0.2,4.58,86.9,5.04,86.9,0.23,5.27,'26/09/01,'26/09/01,'26/09/23
127,8403,盛弘,09/04,19,0,0,2026,年,0.6,0,0.6,19.55,3.07,,0,3.07,'26/08/25,,'26/09/23
128,6922,宸曜,09/04,208.5,+7.5,+3.73,2026,年,4.83,0,4.83,186,2.6,,0,2.6,'26/07/06,,'26/07/24
129,2250,IKKA-KY,09/04,57.6,+0.5,+0.88,2026,年,3,0,3,62.3,4.82,,0,4.82,'26/08/28,,'26/10/02
130,5392,能率,09/04,42.95,-0.05,-0.12,2026,年,0.2,0.2,0.4,48.3,0.41,48.3,0.41,0.83,'26/08/31,'26/08/31,'26/10/05
131,6259,百徽,09/04,30.15,+1.2,+4.15,2026,半年,0.349,0,0.349,32.05,1.09,,0,1.09,'26/07/27,,'26/08/20
132,1464,得力,09/04,10.1,+0.05,+0.5,2026,年,0.25,0,0.25,10.6,2.36,,0,2.36,'26/07/20,,'26/08/06
133,8932,智通*,09/04,91.4,+1.7,+1.9,2026,年,0.721,0.48,1.201,105,0.69,105,0.46,1.14,'26/08/28,'26/08/28,'26/09/18
134,3552,同致,09/04,43,+0.05,+0.12,2026,年,0.5,0,0.5,47.8,1.05,,0,1.05,'26/07/27,,'26/08/21
135,5514,三豐,09/04,15.05,+0.05,+0.33,2026,年,0,0,0,,0,,0,0,,,
136,2890,永豐金,09/04,42.85,+0.25,+0.59,2026,年,1.1,0.2,1.3,40.4,2.72,40.4,0.5,3.22,'26/07/23,'26/07/23,'26/08/24
137,2948,寶陞,09/04,38.15,+1.35,+3.67,2026,年,1.929,0.323,2.251,38.65,4.99,38.65,0.83,5.82,'26/08/10,'26/08/10,'26/08/31
138,1449,佳和,09/04,12.25,+0.1,+0.82,2026,年,0,0.1,0.1,,0,12.25,0.82,0.82,,,
139,2236,百達-KY,09/04,121.5,-3,-2.41,2026,半年,0.4,0.25,0.65,121.5,0.33,121.5,0.21,0.53,,,
140,6464,台數科,09/04,77.6,+0.8,+1.04,2026,半年,1.33,0.4,1.73,78.4,1.7,78.4,0.51,2.21,'26/07/17,'26/07/17,'26/08/14
141,8908,欣雄,09/04,39.95,0,0,2026,年,1.5,0.304,1.804,42.4,3.54,41.4,0.74,4.27,'26/03/26,'26/09/03,'26/04/28
142,1453,大將,09/04,11.15,+0.05,+0.45,2026,年,0,0.3,0.3,,0,11.7,2.56,2.56,,'26/08/28,
143,2836,高雄銀,09/04,12.25,0,0,2026,年,0.4,0.1,0.5,13,3.08,13,0.77,3.85,'26/07/29,'26/07/29,'26/09/02
144,2885,元大金,09/04,69.8,+1.3,+1.9,2026,年,1.8,0.4,2.2,62.9,2.86,68.3,0.59,3.45,'26/07/21,'26/08/18,'26/08/14
145,5880,合庫金,09/04,26.65,-0.05,-0.19,2026,年,0.8,0.25,1.05,26.1,3.07,26.1,0.96,4.02,'26/08/11,'26/08/11,'26/09/11
146,8423,保綠-KY,09/04,18.2,+0.05,+0.28,2026,年,0.7,0,0.7,18.2,3.85,,0,3.85,'26/09/14,,'26/10/08
147,2889,國票金,09/04,16.6,+0.15,+0.91,2026,年,0.5,0.089,0.589,15.95,3.13,15.95,0.56,3.69,'26/09/01,'26/09/01,'26/09/16
148,5236,凌陽創新,09/04,137.5,+1.5,+1.1,2026,年,9,0,9,181,4.97,,0,4.97,'26/06/03,,'26/07/01
149,4572,駐龍,09/04,141.5,+1.5,+1.07,2026,年,4.998,0,4.998,153,3.27,,0,3.27,'26/07/16,,'26/08/12
150,5548,安倉,09/04,20.55,+0.05,+0.24,2026,年,0.988,0.89,1.878,24.05,4.11,24.05,3.7,7.81,'26/07/21,'26/07/21,'26/08/25
151,2845,遠東銀,09/04,13.65,0,0,2026,年,0.514,0.12,0.634,13.65,3.77,13.65,0.88,4.64,'26/09/02,'26/09/02,'26/09/30
152,2881,富邦金,09/04,150.5,+3.5,+2.38,2026,年,4.25,0,4.25,129.5,3.28,,0,3.28,'26/07/01,,'26/07/31
153,2892,第一金,09/04,37.3,+0.45,+1.22,2026,年,1.3,0,1.3,34.95,3.72,,0,3.72,'26/08/11,,'26/08/28
154,3548,兆利,09/04,83.2,+2.2,+2.72,2026,年,1,0,1,76,1.32,,0,1.32,'26/07/28,,'26/08/25
155,5213,亞昕,09/04,20.9,0,0,2026,年,2.8,0,2.8,26.8,10.4,,0,10.4,'26/06/08,,'26/06/30
156,6423,億而得,09/04,85.4,+0.9,+1.07,2026,年,1,0,1,89.8,1.11,,0,1.11,'26/03/26,,'26/04/23
157,2038,海光,09/04,12.75,+0.15,+1.19,2026,年,0,0,0,,0,,0,0,,,
158,4306,炎洲,09/04,15.25,0,0,2026,年,0.7,0,0.7,15.5,4.52,,0,4.52,'26/07/13,,'26/08/07
159,4549,桓達,09/04,102.5,+2,+1.99,2026,年,3,0.2,3.2,92.5,3.24,102.5,0.2,3.44,'26/07/29,'26/09/08,'26/08/21
160,5607,遠雄港,09/04,56.8,-0.4,-0.7,2026,年,1.8,0,1.8,49.1,3.67,,0,3.67,'26/07/30,,'26/08/27
161,5871,中租-KY,09/04,111.5,0,0,2026,年,5.8,0.2,6,120,4.83,120,0.17,5,'26/07/29,'26/07/29,'26/09/01
162,5906,台南-KY,09/04,38,0,0,2026,年,0.2,0.5,0.7,38,0.53,38,1.32,1.84,'26/09/10,'26/09/10,'26/10/15
163,6870,騰雲,09/04,290,+2,+0.69,2026,年,3.212,1.976,5.188,319.5,1.01,319.5,0.62,1.62,'26/07/21,'26/07/21,'26/08/14
164,6968,萬達寵物,09/04,41.7,-0.05,-0.12,2026,年,1.3,0.2,1.5,44,2.95,44,0.45,3.41,'26/08/24,'26/08/24,'26/09/17
165,1514,亞力,09/04,102,+1.5,+1.49,2026,年,2,0.2,2.2,98.7,2.03,98.7,0.2,2.23,'26/07/30,'26/07/30,'26/09/04
166,3588,通嘉,09/04,52.4,+0.5,+0.96,2026,年,0.499,0,0.499,68,0.73,,0,0.73,'26/07/09,,'26/08/14
167,5289,宜鼎,09/04,1360,+15,+1.12,2026,年,16.83,0.199,17.03,1500,1.12,1500,0.01,1.14,'26/08/27,'26/08/27,'26/10/02
168,2442,新美齊,09/04,19.3,0,0,2026,年,2.032,0.711,2.743,19.3,10.5,19.3,3.68,14.2,'26/09/08,'26/09/08,'26/10/08
169,1609,大亞,09/04,37.35,+0.35,+0.95,2026,年,0.7,0,0.7,38.65,1.81,,0,1.81,'26/06/23,,'26/07/15
170,2884,玉山金,09/04,43.55,+0.35,+0.81,2026,年,1.4,0,1.4,34.45,4.06,,0,4.06,'26/07/01,,'26/07/27
171,2883,凱基金,09/04,36.7,+0.8,+2.23,2026,年,1,0,1,29.65,3.37,,0,3.37,'26/06/30,,'26/07/31
172,2880,華南金,09/04,44,+0.55,+1.27,2026,年,1.35,0.1,1.45,43.2,3.12,43.2,0.23,3.36,'26/08/13,'26/08/13,'26/08/28
173,5904,寶雅*,09/04,72.1,+1.5,+2.12,2026,年,25.5,0,25.5,677,3.77,,0,3.77,'26/07/16,,'26/08/07
174,8104,錸寶,09/04,30.65,+0.2,+0.66,2026,年,0,0,0,,0,,0,0,,,
175,3665,貿聯-KY,09/04,2145,+45,+2.14,2026,年,15.18,0,15.18,1775,0.86,,0,0.86,'26/07/15,,'26/08/18
176,0050,元大台灣50,09/04,107.9,+1.7,+1.6,2026,半年,1.6,0,1.6,99.2,2,,0,2,'26/07/21,,'26/08/10
177,0051,元大中型100,09/04,145.95,+1.95,+1.35,,,,,,,,,,,,,
178,0052,富邦科技,09/04,62.7,+1.1,+1.79,2026,年,1.199,0,1.199,50.05,2.4,,0,2.4,'26/04/20,,'26/05/15
179,0053,元大電子,09/04,243.65,+3.95,+1.65,,,,,,,,,,,,,
180,0055,元大MSCI金融,09/04,49,+0.8,+1.66,,,,,,,,,,,,,
181,0056,元大高股息,09/04,55.4,+0.9,+1.65,2026,季,3.216,0,3.216,49.95,7.32,,0,7.32,'26/07/21,,'26/08/10
182,0057,富邦摩台,09/04,321.6,+3.85,+1.21,,,,,,,,,,,,,
183,0061,元大寶滬深,09/04,24.36,+0.31,+1.29,,,,,,,,,,,,,
489,1101,台泥,09/04,24.6,+0.15,+0.61,2026,年,0.8,0,0.8,24.05,3.33,,0,3.33,'26/07/01,,'26/07/28
491,1102,亞泥,09/04,35.1,-0.1,-0.28,2026,季,2.3,0,2.3,34.8,6.61,,0,6.61,'26/07/16,,'26/08/14
492,1103,嘉泥,09/04,13.3,+0.05,+0.38,2026,年,0.522,0,0.522,13.55,3.85,,0,3.85,'26/07/23,,'26/08/21
493,1104,環泥,09/04,27.7,-0.1,-0.36,2026,年,1.85,0,1.85,28.95,6.39,,0,6.39,'26/06/24,,'26/07/24
494,1108,幸福,09/04,11.65,+0.05,+0.43,2026,半年,1,0,1,13.7,7.3,,0,7.3,'26/07/16,,'26/08/06
495,1109,信大,09/04,13.5,+0.05,+0.37,2026,年,0.9,0,0.9,14.65,6.14,,0,6.14,'26/07/16,,'26/08/14
496,1110,東泥,09/04,16.3,+0.2,+1.24,2026,年,0.3,0,0.3,15.95,1.88,,0,1.88,'26/07/09,,'26/08/07
497,1201,味全,09/04,12.25,+0.1,+0.82,2026,年,0.21,0,0.21,12.65,1.66,,0,1.66,'26/07/23,,'26/08/20
498,1203,味王,09/04,44.7,+1.5,+3.47,2026,年,1,0,1,44.35,2.25,,0,2.25,'26/09/03,,'26/10/07
499,1210,大成,09/04,52.2,+0.4,+0.77,2026,年,3,0,3,55.2,5.43,,0,5.43,'26/08/07,,'26/09/11
500,1213,大飲,09/04,7.7,+0.23,+3.08,2026,年,0,0,0,,0,,0,0,,,
501,1215,卜蜂,09/04,110.5,+0.5,+0.45,2026,年,7,0,7,142.5,4.91,,0,4.91,'26/05/27,,'26/06/24
502,1216,統一,09/04,75.6,0,0,2026,年,3,0,3,78.2,3.84,,0,3.84,'26/07/30,,'26/09/04
503,1217,愛之味,09/04,9.95,-0.01,-0.1,2026,年,0.25,0,0.25,10.3,2.43,,0,2.43,'26/04/24,,'26/05/27
504,1218,泰山,09/04,14.45,+0.1,+0.7,,,,,,,,,,,,,
505,1219,福壽,09/04,11.6,+0.1,+0.87,2026,年,0.5,0,0.5,13,3.85,,0,3.85,'26/06/08,,'26/06/25
506,1220,台榮,09/04,10.7,0,0,2026,年,0.2,0,0.2,11.4,1.75,,0,1.75,'26/07/16,,'26/08/18
507,1227,佳格,09/04,28.55,0,0,2026,年,1.34,0,1.34,29.95,4.47,,0,4.47,'26/07/23,,'26/08/19
508,1232,大統益,09/04,157,+1.5,+0.96,2026,年,7.2,0,7.2,150.5,4.78,,0,4.78,'26/06/15,,'26/07/17
509,1233,天仁,09/04,28,-0.3,-1.06,2026,年,0.2,0,0.2,29,0.69,,0,0.69,'26/07/21,,'26/08/14
510,1234,黑松,09/04,33.45,+0.15,+0.45,2026,年,1.65,0,1.65,34.95,4.72,,0,4.72,'26/06/29,,'26/07/24
511,1236,宏亞,09/04,26.15,+0.1,+0.38,2026,年,1.65,0,1.65,26.3,6.27,,0,6.27,'26/07/09,,'26/08/06
512,1256,鮮活果汁-KY,09/04,173,0,0,2026,年,6.6,0,6.6,199.5,3.31,,0,3.31,'26/07/09,,'26/08/12
513,1259,安心,09/04,64.1,+0.5,+0.79,2026,年,1.2,0,1.2,57.7,2.08,,0,2.08,'26/06/25,,'26/07/28
514,1264,德麥,09/04,252,0,0,2026,年,15,0,15,271.5,5.52,,0,5.52,'26/07/15,,'26/08/10
515,1268,漢來美食,09/04,182,+0.5,+0.28,2026,年,8,0,8,182,4.4,,0,4.4,'26/09/07,,'26/10/06
516,1295,生合,09/04,45.35,0,0,2026,年,3,0,3,69,4.35,,0,4.35,'26/03/27,,'26/04/28
517,1301,台塑,09/04,66,+0.3,+0.46,2026,年,0.5,0,0.5,53.2,0.94,,0,0.94,'26/06/30,,'26/08/04
518,1303,南亞,09/04,225.5,+4.5,+2.04,2026,年,0.8,0,0.8,166.5,0.48,,0,0.48,'26/07/08,,'26/08/07
519,1304,台聚,09/04,12.35,-0.1,-0.8,2026,年,0.15,0,0.15,13.35,1.12,,0,1.12,'26/07/23,,'26/08/21
520,1305,華夏,09/04,12.2,-0.15,-1.21,2026,年,0.1,0,0.1,12.7,0.79,,0,0.79,'26/07/23,,'26/08/21
521,1307,三芳,09/04,30.45,+0.1,+0.33,2026,年,2.2,0,2.2,35.8,6.15,,0,6.15,'26/07/06,,'26/07/31
522,1308,亞聚,09/04,14.15,-0.25,-1.74,2026,年,0.2,0,0.2,14.6,1.37,,0,1.37,'26/07/23,,'26/08/21
523,1309,台達化,09/04,13.65,+0.05,+0.37,2026,年,0.15,0,0.15,14.8,1.01,,0,1.01,'26/07/23,,'26/08/21
524,1310,台苯,09/04,8.72,-0.1,-1.13,2026,年,0,0,0,,0,,0,0,,,
525,1312,國喬,09/04,14.6,-0.3,-2.01,2026,年,0,0,0,,0,,0,0,,,
527,1313,聯成,09/04,11.9,0,0,2026,年,0.1,0,0.1,11.6,0.86,,0,0.86,'26/06/22,,'26/07/17
528,1314,中石化,09/04,8.12,0,0,2026,年,0,0,0,,0,,0,0,,,
529,1315,達新,09/04,65.8,+0.1,+0.15,2026,半年,4.5,0,4.5,66.3,6.82,,0,6.82,'26/08/27,,'26/09/24
530,1316,上曜,09/04,10.6,-0.15,-1.4,2026,半年,0,0,0,,0,,0,0,,,
531,1319,東陽,09/04,82.6,+1.2,+1.47,2026,年,5,0,5,99.2,5.04,,0,5.04,'26/06/22,,'26/07/16
532,1321,大洋,09/04,32.5,-0.1,-0.31,2026,年,0,0,0,,0,,0,0,,,
533,1323,永裕,09/04,21.25,-0.1,-0.47,2026,年,0.9,0,0.9,20.95,4.3,,0,4.3,'26/06/02,,'26/06/24
534,1324,地球,09/04,10.1,-0.15,-1.46,2026,年,0,0,0,,0,,0,0,,,
535,1325,恆大,09/04,25.5,+0.1,+0.39,2026,年,0,0,0,,0,,0,0,,,
536,1326,台化,09/04,69.8,+0.1,+0.14,2026,年,0.6,0,0.6,53.1,1.13,,0,1.13,'26/06/24,,'26/07/28
537,1336,台翰,09/04,16.15,+0.05,+0.31,2026,年,0.26,0,0.26,15.95,1.63,,0,1.63,'26/07/15,,'26/08/07
538,1337,再生-KY,09/04,4.57,+0.05,+1.11,2026,年,0,0,0,,0,,0,0,,,
539,1338,廣華-KY,09/04,14.45,0,0,2026,年,0.311,0,0.311,17.35,1.8,,0,1.8,'26/07/09,,'26/07/27
540,1339,昭輝,09/04,43,+0.4,+0.94,2026,年,2.5,0,2.5,46.3,5.4,,0,5.4,'26/08/27,,'26/09/24
541,1340,勝悅-KY,09/04,5.23,+0.07,+1.36,2026,年,0,0,0,,0,,0,0,,,
542,1341,富林-KY,09/04,59.5,+0.6,+1.02,2026,季,4,0,4,61.9,6.46,,0,6.46,'26/06/23,,'26/07/10
543,1342,八貫,09/04,102.5,+0.5,+0.49,2026,年,6,0,6,95.9,6.26,,0,6.26,'26/03/12,,'26/04/16
544,1402,遠東新,09/04,29.15,+0.05,+0.17,2026,年,1.25,0,1.25,26.85,4.66,,0,4.66,'26/07/14,,'26/08/12
545,1409,新纖,09/04,24.55,-0.05,-0.2,2026,年,0.9,0,0.9,24.85,3.62,,0,3.62,'26/08/27,,'26/09/29
546,1410,南染,09/04,24.55,0,0,2026,年,0.2,0,0.2,25.5,0.78,,0,0.78,'26/06/30,,'26/07/31
547,1413,宏洲,09/04,9.19,+0.11,+1.21,2026,年,0,0,0,,0,,0,0,,,
548,1414,東和,09/04,17.85,-0.05,-0.28,2026,年,0.2,0,0.2,17.45,1.15,,0,1.15,'26/03/31,,'26/04/24
549,1416,廣豐,09/04,11.75,+0.05,+0.43,2026,年,0.57,0,0.57,11.65,4.89,,0,4.89,'26/06/09,,'26/06/29
550,1417,嘉裕,09/04,8.28,-0.01,-0.12,2026,年,0.25,0,0.25,8.8,2.84,,0,2.84,'26/07/23,,'26/08/28
551,1418,東華,09/04,17.6,+0.15,+0.86,2026,年,0,0,0,,0,,0,0,,,
552,1419,新紡,09/04,66.9,+0.5,+0.75,2026,年,1.8,0,1.8,65.6,2.74,,0,2.74,'26/08/06,,'26/09/04
553,1423,利華,09/04,35.45,-0.05,-0.14,2026,年,3.6,0,3.6,44.9,8.02,,0,8.02,'26/06/18,,'26/07/17
554,1432,大魯閣,09/04,15,0,0,2026,年,2,0,2,18,11.1,,0,11.1,'26/06/23,,'26/07/16
555,1434,福懋,09/04,18.2,+0.1,+0.55,2026,年,0.5,0,0.5,19.55,2.56,,0,2.56,'26/07/16,,'26/08/20
556,1435,中福,09/04,22,+0.95,+4.51,2026,年,0,0,0,,0,,0,0,,,
557,1437,勤益控,09/04,32.05,+0.1,+0.31,2026,季,0.965,0,0.965,30.85,3.03,,0,3.03,'26/08/05,,'26/09/04
558,1438,三地開發,09/04,22.4,+0.1,+0.45,2026,年,0.2,0.8,1,22.4,0.89,22.4,3.57,4.46,'26/09/09,'26/09/09,'26/10/13
559,1439,雋揚,09/04,29.1,+0.2,+0.69,2026,年,0.5,0,0.5,29.1,1.72,,0,1.72,'26/08/06,,'26/09/09
560,1440,南紡,09/04,13.9,-0.3,-2.11,2026,年,0.3,0,0.3,13.45,2.23,,0,2.23,'26/07/16,,'26/08/12
561,1441,大東,09/04,8.8,0,0,2026,年,0,0,0,,0,,0,0,,,
562,1442,名軒,09/04,30,+0.5,+1.69,2026,年,2.4,0,2.4,30,8,,0,8,,,
563,1443,立益物流,09/04,23.7,-0.1,-0.42,2026,年,0,0,0,,0,,0,0,,,
564,1444,力麗,09/04,7.09,-0.01,-0.14,2026,年,0,0,0,,0,,0,0,,,
565,1445,大宇,09/04,10.15,-0.05,-0.49,2026,年,0.5,0,0.5,13.4,3.73,,0,3.73,'26/04/01,,'26/04/24
566,1446,宏和,09/04,13.4,-0.05,-0.37,2026,年,1.5,0,1.5,17.2,8.72,,0,8.72,'26/07/09,,'26/08/07
567,1447,力鵬,09/04,6.71,-0.04,-0.59,2026,年,0,0,0,,0,,0,0,,,
568,1451,年興,09/04,17.25,0,0,2026,年,1,0,1,18.65,5.36,,0,5.36,'26/04/16,,'26/05/18
569,1452,宏益,09/04,11.35,0,0,2026,年,0.2,0,0.2,10.9,1.83,,0,1.83,'26/07/02,,'26/08/06
570,1454,台富,09/04,12.15,+0.05,+0.41,2026,年,0.1,0,0.1,12.4,0.81,,0,0.81,'26/08/24,,'26/09/22
571,1455,集盛,09/04,9.96,-0.01,-0.1,2026,年,0.16,0,0.16,10.2,1.57,,0,1.57,'26/07/03,,'26/08/05
572,1456,怡華,09/04,14,0,0,2026,年,0,0,0,,0,,0,0,,,
573,1457,宜進,09/04,14.5,+0.1,+0.69,2026,年,1,0,1,16.3,6.13,,0,6.13,'26/03/27,,'26/04/30
574,1459,聯發,09/04,15.65,+0.35,+2.29,2026,年,0.2,0,0.2,11.6,1.72,,0,1.72,'26/05/28,,'26/06/23
575,1460,宏遠,09/04,6.6,+0.04,+0.61,2026,年,0,0,0,,0,,0,0,,,
576,1463,強盛新,09/04,17.4,+0.05,+0.29,2026,年,0.127,0,0.127,17.4,0.73,,0,0.73,,,
577,1465,偉全,09/04,11.9,-0.05,-0.42,2026,年,0.3,0,0.3,12.7,2.36,,0,2.36,'26/08/03,,'26/08/28
578,1466,聚隆,09/04,15.95,+0.25,+1.59,2026,年,0.2,0,0.2,15.95,1.25,,0,1.25,'26/09/07,,'26/09/24
579,1467,南緯,09/04,8.19,-0.02,-0.24,2026,年,0,0,0,,0,,0,0,,,
580,1468,昶和,09/04,13,+0.1,+0.78,2026,年,0,0,0,,0,,0,0,,,
581,1470,大統新創,09/04,23.9,+0.1,+0.42,2026,半年,0.65,0,0.65,21.3,3.05,,0,3.05,'26/07/01,,'26/07/30
582,1471,首利,09/04,9.74,+0.01,+0.1,2026,年,0,0,0,,0,,0,0,,,
583,1472,三洋實業,09/04,89.9,+1.7,+1.93,2026,年,6,0,6,90.5,6.63,,0,6.63,'26/06/29,,'26/07/30
584,1473,台南,09/04,20.1,0,0,2026,年,0.5,0,0.5,20.9,2.39,,0,2.39,'26/06/10,,'26/06/30
585,1474,弘裕,09/04,10,+0.01,+0.1,2026,年,0.25,0,0.25,10.25,2.44,,0,2.44,'26/08/04,,'26/08/28
586,1475,業旺,09/04,26.4,+0.15,+0.57,2026,年,1.5,0,1.5,30.45,4.93,,0,4.93,'26/04/15,,'26/05/08
587,1476,儒鴻,09/04,313,-0.5,-0.16,2026,年,15,0,15,343.5,4.37,,0,4.37,'26/06/17,,'26/07/10
588,1477,聚陽,09/04,196.5,+2.5,+1.29,2026,半年,15,0,15,218,6.11,,0,6.11,'26/08/17,,'26/09/03
589,1503,士電,09/04,207.5,+6.5,+3.23,2026,年,5,0,5,211.5,2.36,,0,2.36,'26/07/23,,'26/08/20
590,1504,東元,09/04,72.2,+1.2,+1.69,2026,年,2,0,2,71.8,2.79,,0,2.79,'26/06/17,,'26/07/15
591,1506,正道,09/04,10.1,+0.05,+0.5,2026,年,0,0,0,,0,,0,0,,,
592,1512,瑞利,09/04,6.25,+0.05,+0.81,2026,年,0,0,0,,0,,0,0,,,
593,1513,中興電,09/04,165.5,+3,+1.85,2026,年,6,0,6,171.5,3.5,,0,3.5,'26/07/09,,'26/08/19
594,1515,力山,09/04,30.8,-0.2,-0.65,2026,年,0.6,0,0.6,23.85,2.52,,0,2.52,'26/06/10,,'26/07/08
595,1516,川飛,09/04,14.35,0,0,2026,年,0,0,0,,0,,0,0,,,
596,1517,利奇,09/04,10.95,+0.15,+1.39,2026,年,0.2,0,0.2,10.95,1.83,,0,1.83,'26/09/16,,'26/10/14
597,1521,大億,09/04,25.75,-0.05,-0.19,2026,年,0.75,0,0.75,25.95,2.89,,0,2.89,'26/06/30,,'26/07/30
598,1522,堤維西,09/04,26.95,0,0,2026,年,1.2,0,1.2,30.1,3.99,,0,3.99,'26/07/16,,'26/08/14
600,1524,耿鼎,09/04,26.9,+0.15,+0.56,2026,年,1.4,0,1.4,30.6,4.58,,0,4.58,'26/04/16,,'26/05/14
601,1525,江申,09/04,66.6,0,0,2026,年,2.8,0,2.8,65.8,4.26,,0,4.26,'26/06/25,,'26/07/29
602,1526,日馳,09/04,15.75,+0.35,+2.27,2026,半年,0,0,0,,0,,0,0,,,
603,1527,鑽全,09/04,32.7,+0.05,+0.15,2026,年,1.5,0,1.5,33.75,4.44,,0,4.44,'26/08/03,,'26/08/28
604,1528,恩德,09/04,19.15,+0.45,+2.41,2026,年,0,0,0,,0,,0,0,,,
605,1529,樂事綠能,09/04,16.45,-0.25,-1.5,2026,年,0.5,0.5,1,20.4,2.45,20.4,2.45,4.9,'26/07/21,'26/07/21,'26/09/24
606,1530,亞崴,09/04,28.25,-0.35,-1.22,2026,年,0.1,0.9,1,31.1,0.32,31.1,2.89,3.22,'26/07/27,'26/07/27,'26/08/31
607,1531,高林股,09/04,12.05,+0.15,+1.26,2026,年,1,0,1,13.7,7.3,,0,7.3,'26/08/31,,'26/09/18
608,1532,勤美,09/04,23,-0.05,-0.22,2026,年,0.8,0,0.8,22.55,3.55,,0,3.55,'26/07/31,,'26/08/18
609,1533,車王電,09/04,30.95,-0.45,-1.43,2026,年,0,0,0,,0,,0,0,,,
610,1535,中宇,09/04,45.35,+0.05,+0.11,2026,年,3,0,3,50.3,5.96,,0,5.96,'26/07/21,,'26/08/14
611,1536,和大,09/04,49.8,+0.6,+1.22,2026,半年,0,0,0,,0,,0,0,,,
612,1537,廣隆,09/04,115.5,-1,-0.86,2026,年,7.2,0,7.2,127.5,5.65,,0,5.65,'26/08/19,,'26/09/16
613,1538,正峰,09/04,8.96,0,0,2026,年,0,0,0,,0,,0,0,,,
614,1539,巨庭,09/04,15.6,0,0,2026,年,0,0,0,,0,,0,0,,,
615,1540,喬福,09/04,19.85,+0.15,+0.76,2026,年,1,0,1,20.75,4.82,,0,4.82,'26/07/29,,'26/08/28
616,1541,錩泰,09/04,21.3,-0.25,-1.16,2026,年,0,0,0,,0,,0,0,,,
617,1558,伸興,09/04,106.5,+0.5,+0.47,2026,年,5,0,5,93.6,5.34,,0,5.34,'26/07/23,,'26/08/28
618,1560,中砂,09/04,695,-16,-2.25,2026,年,4.942,0,4.942,742,0.67,,0,0.67,'26/07/16,,'26/08/06
619,1565,精華,09/04,98.6,-0.9,-0.9,2026,年,5.8,0,5.8,98.6,5.88,,0,5.88,'26/10/12,,'26/10/30
620,1568,倉佑,09/04,29.45,+0.75,+2.61,2026,年,1,0,1,35.1,2.85,,0,2.85,'26/05/27,,'26/06/24
621,1569,濱川,09/04,48.7,+3.3,+7.27,2026,年,0,0,0,,0,,0,0,,,
622,1570,力肯,09/04,32.8,-0.2,-0.61,2026,年,1,0,1,40.2,2.49,,0,2.49,'26/06/26,,'26/07/30
623,1580,新麥,09/04,102.5,-0.5,-0.49,2026,年,8.5,0,8.5,123.5,6.88,,0,6.88,'26/07/14,,'26/08/17
624,1582,信錦,09/04,74.1,+0.9,+1.23,2026,年,3,0,3,91.7,3.27,,0,3.27,'26/06/16,,'26/07/15
625,1583,程泰,09/04,48.95,+0.7,+1.45,2026,年,0.1,0.9,1,51.3,0.19,51.3,1.75,1.95,'26/08/26,'26/08/26,'26/09/30
626,1584,精剛,09/04,18,-0.1,-0.55,2026,年,0.258,0,0.258,19.65,1.31,,0,1.31,'26/06/22,,'26/07/10
627,1586,和勤,09/04,18,0,0,2026,年,0,0,0,,0,,0,0,,,
628,1587,吉茂,09/04,24.05,-0.15,-0.62,2026,半年,0,0,0,,0,,0,0,,,
629,1590,亞德客-KY,09/04,1395,+20,+1.45,2026,年,29.11,0,29.11,1430,2.04,,0,2.04,'26/07/23,,'26/08/28
630,1591,駿吉-KY,09/04,35.75,+0.35,+0.99,2026,半年,0,0,0,,0,,0,0,,,
631,1593,祺驊,09/04,31.75,+0.15,+0.47,2026,季,2,0,2,32.25,6.2,,0,6.2,'26/06/17,,'26/07/17
632,1595,川寶,09/04,68.8,-1.2,-1.71,2026,年,0.5,0,0.5,68.8,0.73,,0,0.73,,,
633,1597,直得,09/04,155,+10.5,+7.27,2026,年,0.7,0,0.7,135,0.52,,0,0.52,'26/08/20,,'26/09/16
634,1598,岱宇,09/04,20.2,+0.3,+1.51,2026,年,0.5,0,0.5,19.35,2.58,,0,2.58,'26/06/30,,'26/07/20
635,1599,宏佳騰,09/04,22.9,-0.15,-0.65,2026,年,0.5,0,0.5,22.9,2.18,,0,2.18,'26/09/16,,'26/10/15
636,1603,華電,09/04,30.4,+0.05,+0.16,2026,年,2,0,2,31.85,6.28,,0,6.28,'26/07/14,,'26/08/05
637,1604,聲寶,09/04,23.5,+0.05,+0.21,2026,年,1.5,0,1.5,25.35,5.92,,0,5.92,'26/04/16,,'26/05/14
638,1605,華新,09/04,38.4,+0.8,+2.13,2026,年,0.5,0,0.5,34.8,1.44,,0,1.44,'26/06/11,,'26/07/15
639,1608,華榮,09/04,36.5,+0.15,+0.41,2026,年,2,0,2,31.8,6.29,,0,6.29,'26/07/22,,'26/08/26
640,1611,中電,09/04,11.75,+0.1,+0.86,2026,年,0.8,0,0.8,13.3,6.02,,0,6.02,'26/03/26,,'26/04/24
641,1612,宏泰,09/04,34.85,+0.1,+0.29,2026,年,2.5,0,2.5,37.1,6.74,,0,6.74,'26/07/02,,'26/07/31
642,1614,三洋電,09/04,30.6,+0.05,+0.16,2026,年,0.968,0,0.968,32.4,2.99,,0,2.99,'26/07/16,,'26/08/07
643,1616,億泰,09/04,19,+0.2,+1.06,2026,年,1.358,0,1.358,23.25,5.84,,0,5.84,'26/07/09,,'26/08/05
644,1617,榮星,09/04,18.55,+0.25,+1.37,2026,年,0.6,0,0.6,19.25,3.12,,0,3.12,'26/07/24,,'26/08/26
645,1618,合機,09/04,39.65,+0.15,+0.38,2026,年,1.7,0,1.7,41.7,4.08,,0,4.08,'26/08/17,,'26/09/18
646,1623,大東電,09/04,208,+1,+0.48,2026,季,8,0,8,200,4,,0,4,'26/03/24,,'26/04/15
647,1626,艾美特-KY,09/04,9.66,+0.03,+0.31,2026,年,0,0,0,,0,,0,0,,,
648,1702,南僑,09/04,32.6,+0.15,+0.46,2026,年,1.6,0,1.6,32.9,4.86,,0,4.86,'26/05/28,,'26/06/26
649,1707,葡萄王,09/04,90.5,-0.2,-0.22,2026,半年,6,0,6,103,5.42,,0,5.42,'26/06/17,,'26/07/16
650,1708,東鹼,09/04,51.2,+0.6,+1.19,2026,年,1.6,0,1.6,38.45,4.16,,0,4.16,'26/05/28,,'26/06/26
651,1709,和益,09/04,34,+0.55,+1.64,2026,半年,1,0,1,34.15,2.93,,0,2.93,'26/08/28,,'26/10/01
652,1710,東聯,09/04,15.95,-0.25,-1.54,2026,年,0,0,0,,0,,0,0,,,
653,1711,永光,09/04,42.3,+0.75,+1.81,2026,年,0,0,0,,0,,0,0,,,
654,1712,興農,09/04,40.65,+0.05,+0.12,2026,年,2.5,0,2.5,47,5.32,,0,5.32,'26/03/18,,'26/04/16
655,1713,國化,09/04,43.45,-0.5,-1.14,2026,年,3.1,0,3.1,46.95,6.6,,0,6.6,'26/08/06,,'26/08/28
656,1714,和桐,09/04,16.65,+0.1,+0.6,2026,年,0.18,0,0.18,16.75,1.07,,0,1.07,'26/08/20,,'26/09/18
657,1717,長興,09/04,76.1,-0.7,-0.91,2026,年,1,0,1,78.8,1.27,,0,1.27,'26/04/24,,'26/05/26
658,1718,中纖,09/04,10.6,-0.1,-0.93,2026,年,0,0,0,,0,,0,0,,,
659,1720,生達,09/04,56,0,0,2026,年,2,1,3,63.5,3.15,63.5,1.57,4.72,'26/07/23,'26/07/23,'26/08/27
660,1721,三晃,09/04,20.4,+0.4,+2,2026,年,0,0,0,,0,,0,0,,,
661,1722,台肥,09/04,44.8,+0.15,+0.34,2026,年,2,0,2,46.2,4.33,,0,4.33,'26/08/25,,'26/09/18
662,1723,中碳,09/04,86,-0.9,-1.04,2026,年,1.85,0,1.85,82.6,2.24,,0,2.24,'26/07/09,,'26/08/07
663,1725,元禎,09/04,32,+0.65,+2.07,2026,年,1.07,0,1.07,34.75,3.08,,0,3.08,'26/07/01,,'26/07/24
664,1726,永記,09/04,77.4,+0.5,+0.65,2026,年,3.7,0,3.7,80.2,4.61,,0,4.61,'26/07/21,,'26/08/17
665,1727,中華化,09/04,94.7,+5.5,+6.17,2026,年,0.15,0,0.15,88,0.17,,0,0.17,'26/06/30,,'26/07/30
666,1730,花仙子,09/04,51.5,0,0,2026,半年,3,0,3,53.3,5.63,,0,5.63,'26/07/03,,'26/07/31
667,1731,美吾華,09/04,20.95,+0.05,+0.24,2026,年,1.22,0,1.22,21.8,5.6,,0,5.6,'26/06/30,,'26/07/24
668,1732,毛寶,09/04,26.1,+0.25,+0.97,2026,年,0.6,0,0.6,26.45,2.27,,0,2.27,'26/09/01,,'26/09/30
669,1733,五鼎,09/04,32.35,+0.1,+0.31,2026,年,1.3,0,1.3,29.9,4.35,,0,4.35,'26/06/09,,'26/07/09
670,1735,日勝化,09/04,20.25,+0.15,+0.75,2026,年,0.65,0,0.65,23.15,2.81,,0,2.81,'26/06/22,,'26/07/10
671,1736,喬山,09/04,125.5,+3.5,+2.87,2026,年,4.5,0,4.5,130,3.46,,0,3.46,'26/08/04,,'26/08/31
672,1737,臺鹽,09/04,30.65,0,0,2026,年,1.4,0,1.4,32.5,4.31,,0,4.31,'26/08/24,,'26/09/18
673,1742,台蠟,09/04,17.8,+0.2,+1.14,2026,年,0,0,0,,0,,0,0,,,
674,1752,南光,09/04,31.85,+0.4,+1.27,2026,年,1.6,0,1.6,33.2,4.82,,0,4.82,'26/07/02,,'26/07/29
675,1760,寶齡富錦,09/04,56.3,0,0,2026,年,2,0,2,61.5,3.25,,0,3.25,'26/06/11,,'26/07/09
676,1762,中化生,09/04,35.75,-0.15,-0.42,2026,年,0,0,0,,0,,0,0,,,
677,1776,展宇,09/04,17.2,+0.2,+1.18,2026,年,0.6,0,0.6,17.85,3.36,,0,3.36,'26/06/12,,'26/07/03
678,1777,生泰,09/04,75.2,+0.9,+1.21,2026,年,4,0,4,75.3,5.31,,0,5.31,'26/07/16,,'26/08/13
679,1780,立弘,09/04,24.4,+0.1,+0.41,2026,年,1.25,0,1.25,33,3.79,,0,3.79,'26/06/04,,'26/07/03
680,1781,合世,09/04,10.3,+0.1,+0.98,2026,年,0,0,0,,0,,0,0,,,
681,1783,和康生,09/04,38.3,-0.5,-1.29,2026,年,2,0,2,41.35,4.84,,0,4.84,'26/09/01,,'26/09/30
682,1784,訊聯,09/04,59.2,+0.1,+0.17,2026,半年,0.872,0,0.872,59.2,1.47,,0,1.47,,,
683,1785,光洋科,09/04,102,+2,+2,2026,年,2,0,2,121,1.65,,0,1.65,'26/07/16,,'26/08/10
684,1786,科妍,09/04,47.05,+2.75,+6.21,2026,年,1.909,0,1.909,60.6,3.15,,0,3.15,'26/04/29,,'26/05/29
685,1788,杏昌,09/04,128.5,0,0,2026,年,7,0,7,136,5.15,,0,5.15,'26/06/16,,'26/07/15
686,1789,神隆,09/04,19.1,+0.2,+1.06,2026,年,0.29,0,0.29,20.8,1.39,,0,1.39,'26/07/02,,'26/07/27
687,1795,美時,09/04,182,+0.5,+0.28,2026,年,2.565,0.13,2.695,193,1.33,193,0.07,1.4,'26/08/31,'26/08/31,'26/10/05
688,1796,金穎生技,09/04,30.2,0,0,2026,年,0.7,0,0.7,33,2.12,,0,2.12,'26/07/14,,'26/07/30
689,1799,易威,09/04,29.7,-0.05,-0.17,2026,年,0,0,0,,0,,0,0,,,
690,1802,台玻,09/04,59.1,+0.5,+0.85,2026,年,0,0,0,,0,,0,0,,,
691,1805,寶徠,09/04,10.1,-0.05,-0.49,2026,年,0,0,0,,0,,0,0,,,
692,1806,冠軍,09/04,8.04,+0.02,+0.25,2026,半年,0.15,0,0.15,8.38,1.79,,0,1.79,'26/07/23,,'26/08/20
693,1808,潤隆,09/04,34.7,-1.1,-3.07,2026,年,1.5,0,1.5,34.7,4.32,,0,4.32,'26/09/23,,'26/10/30
694,1809,中釉,09/04,37.75,+0.65,+1.75,2026,年,0.25,0,0.25,40,0.62,,0,0.62,'26/07/23,,'26/08/20
695,1810,和成,09/04,24.25,+0.25,+1.04,2026,年,0.2,0,0.2,20.7,0.97,,0,0.97,'26/06/12,,'26/07/14
696,1813,寶利徠,09/04,11.45,+0.05,+0.44,2026,年,0,0,0,,0,,0,0,,,
697,1815,富喬,09/04,118.5,-1.5,-1.25,2026,年,0.5,0.5,1,118.5,0.42,118.5,0.42,0.84,'26/09/09,'26/09/09,'26/10/13
698,1817,凱撒衛,09/04,40.05,0,0,2026,年,2.2,0,2.2,40.15,5.48,,0,5.48,'26/06/30,,'26/07/24
699,1903,士紙,09/04,47.65,+0.05,+0.11,2026,年,0,0,0,,0,,0,0,,,
700,1904,正隆,09/04,24.8,-0.3,-1.2,2026,年,0.45,0,0.45,23.1,1.95,,0,1.95,'26/06/22,,'26/07/24
701,1905,華紙,09/04,13.5,-0.15,-1.1,2026,年,0,0,0,,0,,0,0,,,
702,1906,寶隆,09/04,11.2,0,0,2026,半年,0,0,0,,0,,0,0,,,
703,1907,永豐餘,09/04,29.85,-0.45,-1.49,2026,年,1,0,1,27.75,3.6,,0,3.6,'26/07/13,,'26/08/06
704,1909,榮成,09/04,11,-0.15,-1.35,2026,半年,0,0,0,,0,,0,0,,,
705,2002,中鋼,09/04,19.1,+0.1,+0.53,2026,年,0.15,0,0.15,19.1,0.79,,0,0.79,'26/07/24,,'26/08/26
707,2006,東和鋼鐵,09/04,81.6,-1,-1.21,2026,年,4.3,0,4.3,75,5.73,,0,5.73,'26/03/20,,'26/04/24
708,2007,燁興,09/04,7,+0.07,+1.01,2026,年,0,0,0,,0,,0,0,,,
709,2008,高興昌,09/04,30.8,+0.3,+0.98,2026,年,1,0,1,29.85,3.35,,0,3.35,'26/07/10,,'26/08/13
710,2009,第一銅,09/04,39.4,+0.2,+0.51,2026,年,0.4,0,0.4,36.75,1.09,,0,1.09,'26/07/29,,'26/09/02
711,2010,春源,09/04,22.55,0,0,2026,年,2,0,2,23.7,8.44,,0,8.44,'26/07/02,,'26/07/31
712,2012,春雨,09/04,14.5,+0.05,+0.35,2026,半年,0.3,0,0.3,14.95,2.01,,0,2.01,'26/08/25,,'26/09/24
713,2013,中鋼構,09/04,41.75,+0.05,+0.12,2026,年,2.4,0,2.4,44,5.45,,0,5.45,'26/07/03,,'26/07/30
714,2014,中鴻,09/04,17,+0.1,+0.59,2026,年,0,0,0,,0,,0,0,,,
715,2015,豐興,09/04,64.9,+0.5,+0.78,2026,年,3.3,0,3.3,68.1,4.85,,0,4.85,'26/03/26,,'26/04/24
716,2017,官田鋼,09/04,9.15,+0.15,+1.67,2026,年,0,0,0,,0,,0,0,,,
717,2020,美亞,09/04,21.85,+0.05,+0.23,2026,年,1.8,0,1.8,25.15,7.16,,0,7.16,'26/04/16,,'26/05/08
718,2022,聚亨,09/04,7.55,-0.04,-0.53,2026,年,0,0,0,,0,,0,0,,,
719,2023,燁輝,09/04,13.85,+0.05,+0.36,2026,年,0,0,0,,0,,0,0,,,
720,2024,志聯,09/04,13.25,0,0,2026,年,0,0,0,,0,,0,0,,,
721,2025,千興,09/04,12.7,+0.05,+0.4,2026,年,0,0,0,,0,,0,0,,,
722,2027,大成鋼,09/04,50.2,0,0,2026,年,1.5,0,1.5,39.5,3.8,,0,3.8,'26/07/14,,'26/08/13
723,2028,威致,09/04,15.75,+0.1,+0.64,2026,半年,0.4,0,0.4,16.1,2.51,,0,2.51,'26/07/08,,'26/07/31
724,2029,盛餘,09/04,21.8,-0.1,-0.46,2026,年,0.6,0,0.6,20.95,2.86,,0,2.86,'26/07/14,,'26/08/14
725,2030,彰源,09/04,23.45,+0.05,+0.21,2026,年,0.5,0,0.5,18.65,2.68,,0,2.68,'26/06/11,,'26/07/15
726,2031,新光鋼,09/04,44.95,-0.4,-0.88,2026,年,2.5,0,2.5,41.75,5.99,,0,5.99,'26/06/15,,'26/07/17
727,2032,新鋼,09/04,17.3,+0.4,+2.37,2026,年,0.5,0,0.5,17,2.94,,0,2.94,'26/04/16,,'26/05/20
728,2033,佳大,09/04,26.05,+0.5,+1.96,2026,年,0,0,0,,0,,0,0,,,
729,2034,允強,09/04,21.1,+0.45,+2.18,2026,年,1,0,1,20.75,4.82,,0,4.82,'26/07/16,,'26/08/13
730,2035,唐榮,09/04,26.2,-0.4,-1.5,2026,年,0,0,0,,0,,0,0,,,
731,2049,上銀,09/04,363,+18.5,+5.37,2026,年,2,0,2,344.5,0.58,,0,0.58,'26/07/08,,'26/08/05
732,2059,川湖,09/04,13860,+410,+3.05,2026,年,51,0,51,14510,0.35,,0,0.35,'26/08/27,,'26/10/01
733,2061,風青,09/04,54,+2.1,+4.05,2026,季,0,0,0,,0,,,0,,,
734,2062,橋椿,09/04,19.4,+0.15,+0.78,2026,年,1,0,1,19.4,5.15,,0,5.15,'26/09/10,,'26/10/08
735,2063,世鎧,09/04,23.8,-0.2,-0.83,2026,季,0.5,1,1.5,23.8,2.1,23.8,4.2,6.3,,,
736,2064,晉椿,09/04,12.45,+0.1,+0.81,2026,年,0,0,0,,0,,0,0,,,
737,2065,世豐,09/04,36.45,+0.2,+0.55,2026,季,1.5,0,1.5,31.75,4.72,,0,4.72,'26/04/01,,'26/05/08
738,2066,世德,09/04,54.7,+1.4,+2.63,2026,半年,2.15,0,2.15,58,3.71,,0,3.71,'26/08/21,,'26/09/18
739,2067,嘉鋼,09/04,4.82,-0.01,-0.21,2026,年,0,0,0,,0,,0,0,,,
740,2069,運錩,09/04,21,+0.05,+0.24,2026,年,1,0,1,20.15,4.96,,0,4.96,'26/06/16,,'26/07/10
741,2070,精湛,09/04,63,-2.3,-3.52,2026,半年,1.5,0,1.5,68.8,3.32,,0,3.32,'26/08/24,,'26/09/22
742,2072,世紀風電,09/04,136,-2,-1.45,2026,半年,13.08,0,13.08,149.5,7.74,,0,7.74,'26/08/28,,'26/09/29
743,2073,雄順,09/04,26.6,0,0,2026,年,0.3,0,0.3,28.15,1.07,,0,1.07,'26/07/24,,'26/08/20
744,2101,南港,09/04,31.35,-0.05,-0.16,2026,半年,1.3,0,1.3,32.9,3.81,,0,3.81,'26/08/28,,'26/09/18
745,2102,泰豐,09/04,18.25,0,0,2026,半年,0,0,0,,0,,0,0,,,
746,2103,台橡,09/04,28.25,+0.3,+1.07,2026,年,0.27,0,0.27,21.15,1.28,,0,1.28,'26/06/24,,'26/07/13
747,2104,國際中橡,09/04,10.3,0,0,2026,年,0,0,0,,0,,0,0,,,
748,2105,正新,09/04,30.95,+0.25,+0.81,2026,年,1.8,0,1.8,33.95,5.3,,0,5.3,'26/06/17,,'26/07/17
749,2106,建大,09/04,17.3,+0.1,+0.58,2026,年,0.65,0,0.65,17.85,3.64,,0,3.64,'26/06/22,,'26/07/17
750,2107,厚生,09/04,26.8,+0.05,+0.19,2026,年,1.4,0,1.4,26.45,5.29,,0,5.29,'26/06/15,,'26/07/09
751,2108,南帝,09/04,29.7,-0.15,-0.5,2026,年,1,0,1,25.35,3.94,,0,3.94,'26/03/26,,'26/04/24
752,2109,華豐,09/04,14.8,0,0,2026,半年,1,0,1,14.8,6.68,,0,6.68,'26/09/29,,'26/10/20
753,2114,鑫永銓,09/04,88.8,-0.4,-0.45,2026,年,5,0,5,93.4,5.35,,0,5.35,'26/06/09,,'26/07/07
754,2115,六暉-KY,09/04,23.8,0,0,2026,年,1.5,0,1.5,22.4,6.7,,0,6.7,'26/06/17,,'26/07/10
755,2201,裕隆,09/04,31.1,-0.3,-0.96,2026,年,0.56,0,0.56,29.1,1.92,,0,1.92,'26/08/25,,'26/09/29
756,2204,中華,09/04,54.1,-0.3,-0.55,2026,年,3.6,0,3.6,55.5,6.49,,0,6.49,'26/07/23,,'26/08/28
757,2206,三陽工業,09/04,63.4,+0.3,+0.48,2026,半年,3.058,0,3.058,63.9,4.79,,0,4.79,'26/07/22,,'26/08/26
758,2207,和泰車,09/04,539,+18,+3.45,2026,年,20,0,20,489.5,4.09,,0,4.09,'26/06/12,,'26/07/09
759,2208,台船,09/04,18.8,-0.05,-0.27,2026,年,0,0,0,,0,,0,0,,,
760,2211,長榮鋼,09/04,83,-0.6,-0.72,2026,年,6.5,0,6.5,94.2,6.9,,0,6.9,'26/07/20,,'26/08/07
761,2221,大甲,09/04,90.8,-0.7,-0.77,2026,年,1.5,0,1.5,49.85,3.01,,0,3.01,'26/07/15,,'26/08/07
762,2227,裕日車,09/04,47.65,+0.05,+0.11,2026,年,0.84,0,0.84,48,1.75,,0,1.75,'26/08/26,,'26/09/23
763,2228,劍麟,09/04,73.8,-0.5,-0.67,2026,年,4.5,0,4.5,83.7,5.38,,0,5.38,'26/07/15,,'26/08/12
764,2231,為升,09/04,90.6,+0.6,+0.67,2026,年,0.5,0,0.5,102,0.49,,0,0.49,'26/08/17,,'26/09/03
765,2233,宇隆,09/04,168.5,+3.5,+2.12,2026,年,4,0,4,185.5,2.16,,0,2.16,'26/07/30,,'26/08/26
766,2235,謚源,09/04,28.25,+0.4,+1.44,2026,年,1.5,0,1.5,28.5,5.26,,0,5.26,'26/07/15,,'26/08/14
767,2237,華德動能-創,09/04,27.7,0,0,2026,年,0,0,0,,0,,0,0,,,
768,2239,英利-KY,09/04,19.85,+0.1,+0.51,2026,年,0,0,0,,0,,0,0,,,
769,2241,艾姆勒,09/04,35.35,+1.1,+3.21,2026,年,0,0,0,,0,,0,0,,,
770,2243,宏旭-KY,09/04,46,+2.1,+4.78,2026,年,0,0,0,,0,,0,0,,,
771,2247,汎德永業,09/04,231.5,+2,+0.87,2026,半年,14.5,0,14.5,230,5.79,,0,5.79,'26/07/16,,'26/08/18
772,2248,華勝-KY,09/04,61.5,-0.2,-0.32,2026,年,3.106,0,3.106,59,5.26,,0,5.26,'26/07/13,,'26/08/14
773,2254,巨鎧精密-創,09/04,62.1,+0.1,+0.16,2026,半年,0,0,0,,0,,0,0,,,
774,2258,鴻華先進-創,09/04,30.3,+0.2,+0.66,2026,年,0,0,0,,0,,0,0,,,
775,2301,光寶科,09/04,308,+9,+3.01,2026,季,5.5,0,5.5,273.5,2.68,,0,2.68,'26/08/19,,'26/09/11
776,2302,麗正,09/04,43.1,+0.75,+1.77,2026,年,0.35,0,0.35,47.85,0.73,,0,0.73,'26/07/01,,'26/07/30
777,2303,聯電,09/04,130,+5,+4,2026,年,2.608,0,2.608,155,1.68,,0,1.68,'26/07/08,,'26/07/30
778,2305,全友,09/04,30.85,+0.75,+2.49,2026,年,0,0,0,,0,,0,0,,,
779,2308,台達電,09/04,1825,+65,+3.69,2026,年,11.6,0,11.6,2230,0.52,,0,0.52,'26/06/17,,'26/07/22
780,2312,金寶,09/04,32.85,+1.05,+3.3,2026,年,0.6,0,0.6,35.85,1.67,,0,1.67,'26/06/23,,'26/07/23
781,2313,華通,09/04,249.5,+13.5,+5.72,2026,年,2.8,0,2.8,282,0.99,,0,0.99,'26/06/02,,'26/06/26
782,2314,台揚,09/04,11.35,-0.15,-1.3,2026,年,0,0,0,,0,,0,0,,,
783,2316,楠梓電,09/04,155,+2,+1.31,2026,年,2,0,2,208,0.96,,0,0.96,'26/07/13,,'26/07/31
784,2317,鴻海,09/04,256,+8.5,+3.43,2026,年,7.172,0,7.172,248,2.89,,0,2.89,'26/07/02,,'26/07/31
785,2321,東訊,09/04,14.5,0,0,2026,年,0,0,0,,0,,0,0,,,
786,2323,中環,09/04,10.8,-0.05,-0.46,2026,年,0.2,0,0.2,10.8,1.85,,0,1.85,,,
787,2324,仁寶,09/04,41.6,+2.85,+7.35,2026,年,1.1,0,1.1,31.5,3.49,,0,3.49,'26/03/27,,'26/04/24
788,2327,國巨*,09/04,562,+51,+9.98,2026,半年,5.999,0,5.999,842,0.71,,0,0.71,'26/06/12,,'26/07/03
789,2328,廣宇,09/04,46.6,+0.8,+1.75,2026,年,0.9,0,0.9,48.75,1.85,,0,1.85,'26/06/30,,'26/07/24
790,2329,華泰,09/04,42.9,+0.65,+1.54,2026,年,1,0,1,52.7,1.9,,0,1.9,'26/06/11,,'26/07/10
791,2330,台積電,09/04,2410,+20,+0.84,2026,季,26,0,26,2410,1.17,,0,1.17,'26/09/16,,'26/10/08
792,2331,精英,09/04,19.6,+0.35,+1.82,2026,年,0,0,0,,0,,0,0,,,
793,2332,友訊,09/04,19.55,+0.9,+4.83,2026,年,0,0,0,,0,,0,0,,,
794,2337,旺宏,09/04,121.5,+4.5,+3.85,2026,年,0,0,0,,0,,0,0,,,
795,2338,光罩,09/04,38.6,+0.55,+1.45,2026,年,0,0,0,,0,,0,0,,,
796,2340,台亞,09/04,34.05,+0.85,+2.56,2026,年,0,0,0,,0,,0,0,,,
797,2342,茂矽,09/04,39.7,+0.2,+0.51,2026,半年,0,0,0,,0,,0,0,,,
798,2344,華邦電,09/04,174,+5,+2.96,2026,半年,0.5,0,0.5,96,0.52,,0,0.52,'26/03/27,,'26/05/04
799,2345,智邦,09/04,2100,+10,+0.48,2026,年,15,0,15,1910,0.79,,0,0.79,'26/07/30,,'26/08/27
800,2347,聯強,09/04,88,+1.6,+1.85,2026,年,4.2,0,4.2,88.5,4.75,,0,4.75,'26/07/13,,'26/08/07
801,2348,海悅,09/04,72.1,+1,+1.41,2026,年,5,0.5,5.5,74.4,6.72,74.4,0.67,7.39,'26/08/04,'26/08/04,'26/09/08
803,2349,錸德,09/04,10.95,+0.1,+0.92,2026,年,0,0,0,,0,,0,0,,,
804,2351,順德,09/04,239.5,+16.5,+7.4,2026,年,1.029,0,1.029,156.5,0.66,,0,0.66,'26/08/04,,'26/08/31
805,2352,佳世達,09/04,29.25,+0.75,+2.63,2026,年,1,0,1,30.4,3.29,,0,3.29,'26/07/23,,'26/08/21
806,2353,宏碁,09/04,32.7,+1.45,+4.64,2026,年,1.3,0,1.3,38.9,3.34,,0,3.34,'26/06/17,,'26/07/16
807,2354,鴻準,09/04,65.6,+1.9,+2.98,2026,年,1.5,0,1.5,55,2.73,,0,2.73,'26/07/02,,'26/07/31
808,2355,敬鵬,09/04,42.8,+0.95,+2.27,2026,年,1,0,1,42.55,2.35,,0,2.35,'26/07/21,,'26/08/10
809,2356,英業達,09/04,67.5,+2.5,+3.85,2026,年,2,0,2,63.7,3.14,,0,3.14,'26/07/15,,'26/08/05
810,2357,華碩,09/04,1025,+54,+5.56,2026,年,42,0,42,700,6,,0,6,'26/07/01,,'26/07/22
811,2359,所羅門,09/04,142,+1.5,+1.07,2026,半年,1,0,1,139,0.72,,0,0.72,'26/07/13,,'26/07/29
812,2360,致茂,09/04,2030,+15,+0.74,2026,年,19.5,0,19.5,2325,0.84,,0,0.84,'26/06/17,,'26/07/15
813,2362,藍天,09/04,49.3,+2.05,+4.34,2026,年,2,0,2,46.1,4.34,,0,4.34,'26/06/25,,'26/07/24
814,2363,矽統,09/04,51.1,+1,+2,2026,年,0.606,0,0.606,51.3,1.18,,0,1.18,'26/08/19,,'26/09/18
815,2365,昆盈,09/04,29.15,0,0,2026,季,0.3,0,0.3,32.7,0.92,,0,0.92,'26/07/16,,'26/08/11
816,2367,燿華,09/04,43.1,+0.8,+1.89,2026,年,0.2,0,0.2,36.3,0.55,,0,0.55,'26/08/03,,'26/09/04
817,2368,金像電,09/04,1045,-55,-5,2026,年,9.803,0,9.803,1395,0.7,,0,0.7,'26/06/23,,'26/07/22
818,2369,菱生,09/04,31.05,+0.65,+2.14,2026,年,0,0,0,,0,,0,0,,,
819,2371,大同,09/04,28.15,+0.55,+1.99,2026,半年,0,0,0,,0,,0,0,,,
820,2373,震旦行,09/04,53.2,+0.3,+0.57,2026,年,3.7,0,3.7,57.3,6.46,,0,6.46,'26/07/06,,'26/07/24
821,2375,凱美,09/04,125,+7,+5.93,2026,半年,1.2,0,1.2,123.5,0.97,,0,0.97,'26/08/06,,'26/08/31
822,2376,技嘉,09/04,361,+10.5,+3,2026,年,12,0,12,336.5,3.57,,0,3.57,'26/08/03,,'26/08/28
823,2377,微星,09/04,161.5,+11,+7.31,2026,年,4.2,0,4.2,146.5,2.87,,0,2.87,'26/08/20,,'26/09/17
824,2379,瑞昱,09/04,713,+6,+0.85,2026,年,25,0,25,713,3.51,,0,3.51,'26/09/08,,'26/10/07
825,2380,虹光,09/04,18.2,0,0,2026,半年,0,0,0,,0,,0,0,,,
826,2382,廣達,09/04,345,+10,+2.99,2026,半年,15.6,0,15.6,381,4.09,,0,4.09,'26/07/16,,'26/08/28
827,2383,台光電,09/04,5415,+125,+2.36,2026,年,25,0,25,5500,0.45,,0,0.45,'26/08/28,,'26/09/24
828,2385,群光,09/04,110.5,+3,+2.79,2026,年,7.2,0,7.2,141,5.11,,0,5.11,'26/06/15,,'26/07/10
829,2387,精元,09/04,36.4,-0.2,-0.55,2026,年,4,0,4,44.6,8.97,,0,8.97,'26/03/27,,'26/04/27
830,2388,威盛,09/04,81.4,+6.4,+8.53,2026,年,0.05,0,0.05,81.4,0.06,,0,0.06,'26/06/22,,'26/07/17
831,2390,云辰,09/04,10.25,+0.15,+1.49,2026,年,0,0,0,,0,,0,0,,,
832,2392,正崴,09/04,45.6,+0.25,+0.55,2026,年,1,0,1,35.55,2.81,,0,2.81,'26/07/20,,'26/08/17
833,2393,億光,09/04,64.8,+0.2,+0.31,2026,年,4.5,0,4.5,61.5,7.32,,0,7.32,'26/08/04,,'26/08/31
834,2395,研華,09/04,711,+37,+5.49,2026,年,11.16,0,11.16,530,2.11,,0,2.11,'26/07/17,,'26/08/07
835,2397,友通,09/04,62.2,+0.8,+1.3,2026,年,2.45,0,2.45,57.6,4.25,,0,4.25,'26/06/30,,'26/07/30
836,2399,映泰,09/04,47.3,+2.9,+6.53,2026,年,0,0,0,,0,,0,0,,,
837,2401,凌陽,09/04,25.7,+0.85,+3.42,2026,年,0,0,0,,0,,0,0,,,
838,2402,毅嘉,09/04,57.1,-0.2,-0.35,2026,年,2,0,2,55,3.64,,0,3.64,'26/07/29,,'26/08/25
839,2404,漢唐,09/04,1070,+35,+3.38,2026,年,40,0,40,1285,3.11,,0,3.11,'26/07/16,,'26/08/14
840,2405,輔信,09/04,15.1,+0.1,+0.67,2026,半年,0.1,0,0.1,17.2,0.58,,0,0.58,'26/07/08,,
841,2406,國碩,09/04,27.25,+0.2,+0.74,2026,年,0,0,0,,0,,0,0,,,
842,2408,南亞科,09/04,496,+18.5,+3.87,2026,年,1.347,0,1.347,420.5,0.32,,0,0.32,'26/07/07,,'26/08/06
843,2409,友達,09/04,26.8,+0.25,+0.94,2026,年,0.4,0,0.4,23.65,1.69,,0,1.69,'26/07/30,,'26/08/28
844,2412,中華電,09/04,137.5,-0.5,-0.36,2026,年,5.2,0,5.2,139.5,3.73,,0,3.73,'26/07/09,,'26/08/07
845,2413,環科,09/04,45.8,+4.15,+9.96,2026,年,0.5,0,0.5,43.8,1.14,,0,1.14,'26/08/24,,'26/09/16
846,2414,精技,09/04,52.5,+0.1,+0.19,2026,年,3,0,3,57.3,5.24,,0,5.24,'26/07/23,,'26/08/14
847,2415,錩新,09/04,28.2,+0.3,+1.08,2026,年,0.48,1.111,1.591,30.8,1.56,30.8,3.61,5.17,'26/08/27,'26/08/27,'26/10/01
848,2417,圓剛,09/04,42.4,+0.7,+1.68,2026,年,0.25,0,0.25,47.45,0.53,,0,0.53,'26/07/07,,'26/07/31
849,2419,仲琦,09/04,27.1,-0.2,-0.73,2026,年,0,0,0,,0,,0,0,,,
850,2420,新巨,09/04,54.4,0,0,2026,年,3,0,3,56.5,5.31,,0,5.31,'26/08/26,,'26/09/15
851,2421,建準,09/04,178,+13.5,+8.21,2026,年,5.24,0,5.24,160,3.28,,0,3.28,'26/06/10,,'26/07/02
852,2423,固緯,09/04,73.6,+0.4,+0.55,2026,年,2.5,0,2.5,80,3.12,,0,3.12,'26/06/24,,'26/07/21
853,2424,隴華,09/04,8.02,0,0,2026,季,0,0,0,,0,,0,0,,,
854,2425,承啟,09/04,37.9,+1.55,+4.26,2026,年,0.1,0,0.1,42.15,0.24,,0,0.24,'26/07/03,,'26/07/31
855,2426,鼎元,09/04,104.5,+9.5,+10,2026,年,0.1,0,0.1,83.2,0.12,,0,0.12,'26/05/25,,'26/06/16
856,2427,三商電,09/04,22.2,+0.3,+1.37,2026,年,0.7,0,0.7,23.05,3.04,,0,3.04,'26/08/05,,'26/08/28
857,2428,興勤,09/04,260,+15.5,+6.34,2026,年,5.9,0,5.9,252,2.34,,0,2.34,'26/08/27,,'26/09/18
858,2429,銘旺科,09/04,31.5,+0.4,+1.29,2026,年,0,0,0,,0,,0,0,,,
859,2430,燦坤,09/04,17.85,+0.05,+0.28,2026,年,0.8,0,0.8,22.75,3.52,,0,3.52,'26/03/19,,'26/04/22
860,2431,聯昌,09/04,10.1,+0.05,+0.5,2026,年,0,0,0,,0,,0,0,,,
861,2432,倚天酷碁-創,09/04,27.15,+0.25,+0.93,2026,年,1.7,0,1.7,31.95,5.32,,0,5.32,'26/06/25,,'26/07/23
862,2433,互盛電,09/04,41.6,+0.05,+0.12,2026,年,2.7,0,2.7,44.8,6.03,,0,6.03,'26/07/02,,'26/07/22
863,2434,統懋,09/04,67.3,+3.2,+4.99,2026,年,0,0,0,,0,,0,0,,,
864,2436,偉詮電,09/04,65.2,+0.1,+0.15,2026,年,1.957,0,1.957,71.5,2.74,,0,2.74,'26/06/30,,'26/07/27
865,2438,翔耀,09/04,21.9,-0.15,-0.68,2026,年,0,0,0,,0,,0,0,,,
866,2439,美律,09/04,77.9,+0.3,+0.39,2026,年,4.084,0,4.084,82.1,4.97,,0,4.97,'26/08/27,,'26/09/23
867,2440,太空梭,09/04,14.2,+0.05,+0.35,2026,年,0,0,0,,0,,0,0,,,
868,2441,超豐,09/04,116,+2.5,+2.2,2026,年,3.009,0,3.009,118,2.55,,0,2.55,'26/08/27,,'26/09/23
869,2444,兆勁,09/04,10.8,0,0,2026,年,0,0,0,,0,,0,0,,,
870,2449,京元電子,09/04,262,+1,+0.38,2026,年,1,0.5,1.5,276,0.36,276,0.18,0.54,'26/07/28,'26/07/28,'26/08/20
871,2450,神腦,09/04,28.25,+0.05,+0.18,2026,年,1.55,0,1.55,31,5,,0,5,'26/06/17,,'26/07/15
872,2451,創見,09/04,284.5,-1.5,-0.52,2026,年,11.78,0,11.78,294,4.01,,0,4.01,'26/06/25,,'26/07/31
873,2453,凌群,09/04,51.8,0,0,2026,年,2.8,0,2.8,56.7,4.94,,0,4.94,'26/07/09,,'26/08/06
874,2454,聯發科,09/04,4415,+75,+1.73,2026,半年,53.5,0,53.5,4125,2.5,,0,2.5,'26/07/07,,'26/07/31
875,2455,全新,09/04,528,+3,+0.57,2026,年,2.621,0,2.621,388.5,0.67,,0,0.67,'26/06/26,,'26/07/17
876,2457,飛宏,09/04,22.75,+0.2,+0.89,2026,年,0,0,0,,0,,0,0,,,
877,2458,義隆,09/04,133,0,0,2026,半年,8.851,0,8.851,146,6.31,,0,6.31,'26/08/21,,'26/09/17
878,2459,敦吉,09/04,66.4,+0.1,+0.15,2026,年,4.2,0,4.2,68.6,6.12,,0,6.12,'26/06/16,,'26/07/08
879,2460,建通,09/04,28.5,+0.25,+0.88,2026,年,0,0,0,,0,,0,0,,,
880,2461,光群雷,09/04,18.25,-0.05,-0.27,2026,季,0,0,0,,0,,0,0,,,
881,2462,良得電,09/04,20,+0.3,+1.52,2026,年,0.2,0,0.2,23.35,0.86,,0,0.86,'26/07/02,,'26/07/22
882,2464,盟立,09/04,211,-11,-4.95,2026,年,0.471,0,0.471,184.5,0.26,,0,0.26,'26/09/02,,'26/10/01
883,2465,麗臺,09/04,99.2,+3,+3.12,2026,年,0,0,0,,0,,0,0,,,
884,2466,冠西電,09/04,97.2,+2.5,+2.64,2026,年,0,0,0,,0,,0,0,,,
885,2467,志聖,09/04,603,+8,+1.34,2026,年,5.5,0,5.5,585,0.94,,0,0.94,'26/06/18,,'26/07/13
886,2468,華經,09/04,33.9,+1.1,+3.35,2026,年,1,0,1,35.05,2.85,,0,2.85,'26/08/24,,'26/09/10
887,2471,資通,09/04,50.2,+0.2,+0.4,2026,年,3.312,0,3.312,52,6.37,,0,6.37,'26/07/22,,'26/08/18
888,2472,立隆電,09/04,225,+18,+8.7,2026,年,3.5,0,3.5,234,1.5,,0,1.5,'26/08/20,,'26/09/16
889,2474,可成,09/04,209.5,+3,+1.45,2026,半年,7.114,0,7.114,207,3.44,,0,3.44,'26/07/06,,'26/07/31
890,2476,鉅祥,09/04,121,-1.5,-1.22,2026,年,2.973,0,2.973,128,2.32,,0,2.32,'26/08/13,,'26/09/10
891,2477,美隆電,09/04,21.65,+0.1,+0.46,2026,年,1.4,0,1.4,24.5,5.71,,0,5.71,'26/04/24,,'26/05/25
892,2478,大毅,09/04,125.5,+11,+9.61,2026,年,2,0,2,181,1.1,,0,1.1,'26/07/09,,'26/07/31
893,2480,敦陽科,09/04,156,+0.5,+0.32,2026,年,7.8,0,7.8,156.5,4.98,,0,4.98,'26/06/16,,'26/07/13
894,2481,強茂,09/04,156,0,0,2026,年,1.8,0,1.8,100,1.8,,0,1.8,'26/04/16,,'26/05/20
895,2482,連宇,09/04,16.1,+0.2,+1.26,2026,年,0.1,0,0.1,17.25,0.58,,0,0.58,'26/07/29,,'26/08/25
896,2483,百容,09/04,33.35,-0.15,-0.45,2026,年,0.3,0,0.3,21.15,1.42,,0,1.42,'26/03/27,,'26/04/30
897,2484,希華,09/04,70.4,+0.3,+0.43,2026,年,0.7,0,0.7,76.5,0.92,,0,0.92,'26/08/24,,'26/09/24
898,2485,兆赫,09/04,41.3,+0.6,+1.47,2026,年,0,0,0,,0,,0,0,,,
899,2486,一詮,09/04,256,-3.5,-1.35,2026,年,0.498,0,0.498,271,0.18,,0,0.18,'26/05/25,,'26/06/30
900,2488,漢平,09/04,48.55,+0.15,+0.31,2026,年,3,0,3,53.7,5.59,,0,5.59,'26/07/09,,'26/08/06
901,2489,瑞軒,09/04,41,+0.1,+0.24,2026,半年,1.2,0,1.2,47.1,2.55,,0,2.55,'26/06/25,,'26/07/29
902,2491,吉祥全,09/04,42,-3,-6.67,2026,年,0,0,0,,0,,0,0,,,
903,2492,華新科,09/04,298.5,+27,+9.94,2026,年,2.503,0,2.503,474,0.53,,0,0.53,'26/07/09,,'26/07/29
904,2495,普安,09/04,37.45,+0.55,+1.49,2026,年,0.8,0,0.8,38.8,2.06,,0,2.06,'26/07/24,,'26/08/27
905,2496,卓越,09/04,55,+0.5,+0.92,2026,半年,4.5,0.5,5,59.4,6.84,59.4,0.84,7.68,'26/08/19,'26/08/19,'26/09/14
906,2497,怡利電,09/04,45,+0.35,+0.78,2026,年,2,0,2,52.8,3.79,,0,3.79,'26/07/28,,'26/08/25
907,2498,宏達電,09/04,41.6,0,0,2026,年,0.5,0,0.5,46.4,1.08,,0,1.08,'26/06/22,,'26/07/17
908,2501,國建,09/04,22.55,+0.05,+0.22,2026,年,1.2,0,1.2,23.5,5.11,,0,5.11,'26/07/14,,'26/08/10
909,2504,國產,09/04,31.25,-0.25,-0.79,2026,年,2.6,0,2.6,36.25,7.17,,0,7.17,'26/06/17,,'26/07/17
910,2505,國揚,09/04,17.2,+0.2,+1.18,2026,年,1,0,1,18.2,5.49,,0,5.49,'26/08/20,,'26/09/21
911,2506,太設,09/04,8.53,-0.01,-0.12,2026,半年,0.2,0,0.2,8.95,2.23,,0,2.23,'26/07/16,,'26/08/14
912,2509,全坤建,09/04,14.95,0,0,2026,年,0,0,0,,0,,0,0,,,
913,2511,太子,09/04,8.43,+0.09,+1.08,2026,年,0.3,0,0.3,8.43,3.56,,0,3.56,'26/07/30,,'26/08/24
914,2514,龍邦,09/04,11.8,+0.1,+0.85,2026,年,0,0,0,,0,,0,0,,,
915,2516,新建,09/04,14.2,+0.25,+1.79,2026,年,0,0,0,,0,,0,0,,,
916,2524,京城,09/04,34.7,+0.7,+2.06,2026,年,0,0,0,,0,,0,0,,,
917,2527,宏璟,09/04,42.95,-0.25,-0.58,2026,年,1.5,0,1.5,44.4,3.38,,0,3.38,'26/08/24,,'26/09/16
918,2530,華建,09/04,20.15,+0.6,+3.07,2026,季,0,0,0,,0,,0,0,,,
919,2534,宏盛,09/04,17.1,-0.05,-0.29,2026,年,1.5,0,1.5,18.3,8.2,,0,8.2,'26/06/23,,'26/07/22
920,2535,達欣工,09/04,89.4,+0.8,+0.9,2026,年,4.6,0,4.6,72,6.39,,0,6.39,'26/04/09,,'26/05/08
921,2536,宏普,09/04,19.2,+0.4,+2.13,2026,年,2,0,2,21.6,9.26,,0,9.26,'26/07/07,,'26/07/30
922,2537,聯上發,09/04,11.65,0,0,2026,年,0,0,0,,0,,0,0,,,
923,2538,基泰,09/04,8.89,0,0,2026,年,0.5,0,0.5,10,5,,0,5,'26/07/30,,'26/08/31
924,2545,皇翔,09/04,34.85,+0.2,+0.58,2026,年,2.8,0,2.8,37.5,7.47,,0,7.47,'26/07/08,,'26/08/05
925,2547,日勝生,09/04,9.98,-0.01,-0.1,2026,年,0.8,0,0.8,11.1,7.21,,0,7.21,'26/07/17,,'26/08/07
926,2596,綠意,09/04,35.55,-0.5,-1.39,2026,年,1.5,0,1.5,30.9,4.85,,0,4.85,'26/07/30,,'26/08/26
927,2601,益航,09/04,6.79,+0.05,+0.74,2026,年,0,0,0,,0,,0,0,,,
928,2603,長榮,09/04,233,-6,-2.51,2026,年,16,0,16,220.5,7.26,,0,7.26,'26/06/17,,'26/07/17
929,2605,新興,09/04,35.85,+0.35,+0.99,2026,年,1,0,1,29.9,3.34,,0,3.34,'26/06/30,,'26/07/31
930,2606,裕民,09/04,78.2,0,0,2026,年,2.8,0,2.8,67.2,4.17,,0,4.17,'26/06/16,,'26/07/15
931,2607,榮運,09/04,53.5,+0.1,+0.19,2026,年,2.7,0,2.7,48.65,5.55,,0,5.55,'26/07/02,,'26/08/07
932,2608,嘉里大榮,09/04,28.5,+0.05,+0.18,2026,年,1.65,0,1.65,30.2,5.46,,0,5.46,'26/06/15,,'26/07/10
933,2609,陽明,09/04,58.2,+0.4,+0.69,2026,年,2,0,2,50.1,3.99,,0,3.99,'26/07/14,,'26/08/05
934,2610,華航,09/04,20.45,-0.1,-0.49,2026,年,0.814,0,0.814,21.4,3.81,,0,3.81,'26/07/10,,'26/08/14
935,2611,志信,09/04,14.45,-0.1,-0.69,2026,年,0.52,0,0.52,14.35,3.62,,0,3.62,'26/04/01,,'26/04/29
936,2612,中航,09/04,63.3,0,0,2026,年,2.2,0,2.2,57.7,3.81,,0,3.81,'26/06/01,,'26/06/26
937,2613,中櫃,09/04,22.7,+0.2,+0.89,2026,年,1,0,1,26.1,3.83,,0,3.83,'26/03/19,,'26/04/21
938,2615,萬海,09/04,115,-0.5,-0.43,2026,年,3,0,3,82.8,3.62,,0,3.62,'26/07/06,,'26/07/31
939,2616,山隆,09/04,13.45,0,0,2026,年,0.3,0,0.3,13.6,2.21,,0,2.21,'26/07/31,,'26/08/31
940,2617,台航,09/04,32.45,+0.15,+0.46,2026,年,1.5,0,1.5,30,5,,0,5,'26/07/15,,'26/08/12
941,2618,長榮航,09/04,42.5,-0.3,-0.7,2026,年,2,0,2,42.4,4.72,,0,4.72,'26/07/08,,'26/08/07
942,2630,亞航,09/04,50.2,+0.65,+1.31,2026,年,0.9,0,0.9,51.1,1.76,,0,1.76,'26/03/20,,'26/04/17
943,2633,台灣高鐵,09/04,26.1,-0.1,-0.38,2026,年,1.15,0,1.15,26.45,4.35,,0,4.35,'26/07/14,,'26/08/13
944,2634,漢翔,09/04,65,+0.6,+0.93,2026,年,0.778,0,0.778,58.4,1.33,,0,1.33,'26/07/08,,'26/08/06
945,2636,台驊控股,09/04,69.4,-0.1,-0.14,2026,半年,5,0,5,68.6,7.29,,0,7.29,'26/07/15,,
946,2637,慧洋-KY,09/04,99.8,0,0,2026,年,3.5,0,3.5,80.9,4.33,,0,4.33,'26/06/10,,'26/07/14
947,2640,大車隊,09/04,156,-0.5,-0.32,2026,年,8,0,8,161,4.97,,0,4.97,'26/07/20,,'26/08/07
948,2641,正德,09/04,18.05,-0.05,-0.28,2026,年,0.5,0,0.5,18.7,2.67,,0,2.67,'26/06/23,,'26/07/17
949,2642,宅配通,09/04,20.45,+0.1,+0.49,2026,年,0.5,0,0.5,20.95,2.39,,0,2.39,'26/06/03,,'26/06/26
950,2643,捷迅,09/04,62.4,-0.2,-0.32,2026,年,4.5,0,4.5,68.5,6.57,,0,6.57,'26/06/26,,'26/07/24
951,2645,長榮航太,09/04,173.5,+2,+1.17,2026,年,5,0,5,240,2.08,,0,2.08,'26/07/13,,'26/07/31
952,2646,星宇航空,09/04,20.65,-0.05,-0.24,2026,年,0,0,0,,0,,0,0,,,
953,2701,萬企,09/04,10.4,+0.05,+0.48,2026,年,0.28,0,0.28,10.65,2.63,,0,2.63,'26/09/01,,'26/10/02
954,2702,華園,09/04,12.7,0,0,2026,年,0,0,0,,0,,0,0,,,
955,2704,國賓,09/04,45.5,+0.25,+0.55,2026,年,0.5,0,0.5,45.3,1.1,,0,1.1,'26/07/21,,'26/08/14
956,2705,六福,09/04,15.75,+0.1,+0.64,2026,年,0,0,0,,0,,0,0,,,
957,2706,第一店,09/04,12.55,+0.05,+0.4,2026,年,0.35,0,0.35,12.55,2.79,,0,2.79,'26/09/08,,'26/10/08
958,2707,晶華,09/04,179,+0.5,+0.28,2026,季,10.75,0,10.75,191.5,5.61,,0,5.61,'26/04/16,,'26/05/12
959,2712,遠雄來,09/04,14.45,+0.25,+1.76,2026,年,0,0,0,,0,,0,0,,,
960,2718,全心投控,09/04,41,-0.5,-1.2,2026,季,4.07,0,4.07,49.35,8.25,,0,8.25,'26/08/27,,'26/09/16
961,2719,燦星旅,09/04,19.9,+0.1,+0.51,2026,年,0,0,0,,0,,0,0,,,
962,2722,夏都,09/04,21.45,+0.15,+0.7,2026,年,0,0,0,,0,,0,0,,,
963,2723,美食-KY,09/04,82.5,-0.3,-0.36,2026,年,0,0,0,,0,,0,0,,,
964,2724,藝舍-KY,09/04,10.4,0,0,2026,年,0,0,0,,0,,0,0,,,
965,2726,雅茗-KY,09/04,8.14,-0.07,-0.85,2026,年,0,0,0,,0,,0,0,,,
966,2727,王品,09/04,232,+0.5,+0.22,2026,年,16.12,0,16.12,233.5,6.9,,0,6.9,'26/07/16,,'26/08/07
967,2731,雄獅,09/04,144,+1,+0.7,2026,半年,12.8,0,12.8,172,7.44,,0,7.44,'26/06/09,,'26/07/01
968,2732,六角,09/04,63.2,+0.2,+0.32,2026,季,4,0,4,65.3,6.03,,0,6.03,'26/09/03,,'26/10/06
969,2734,易飛網,09/04,14.9,0,0,2026,年,0,0,0,,0,,0,0,,,
970,2736,富野,09/04,11.55,0,0,2026,年,0,0,0,,0,,0,0,,,
971,2739,寒舍,09/04,38,+0.1,+0.26,2026,年,2.58,0,2.58,37.1,6.95,,0,6.95,'26/07/09,,'26/07/30
972,2740,華軒,09/04,30.3,-0.3,-0.98,2026,年,0,0,0,,0,,0,0,,,
973,2745,五福,09/04,87.2,+0.2,+0.23,2026,年,7.5,0,7.5,103,7.28,,0,7.28,'26/07/23,,'26/08/14
974,2748,雲品,09/04,38.85,+0.15,+0.39,2026,年,1.75,0,1.75,39.8,4.4,,0,4.4,'26/07/30,,'26/08/27
975,2751,王座,09/04,52.5,+1.2,+2.34,2026,半年,4.496,0,4.496,55.5,7.68,,0,7.68,'26/08/31,,'26/09/30
976,2752,豆府,09/04,175.5,-1,-0.57,2026,年,13.5,0,13.5,212,6.37,,0,6.37,'26/04/09,,'26/04/30
977,2753,八方雲集,09/04,179.5,-0.5,-0.28,2026,半年,7.5,0.5,8,188.5,3.98,179.5,0.28,4.26,'26/07/02,,'26/07/30
978,2754,亞洲藏壽司,09/04,68.7,+0.1,+0.15,2026,年,1,0,1,72.6,1.38,,0,1.38,'26/08/13,,'26/09/10
979,2756,聯發國際,09/04,62.2,-0.7,-1.11,2026,季,3.5,0,3.5,64,5.18,,0,5.18,'26/09/03,,'26/09/24
980,2762,世界健身-KY,09/04,81.9,+0.1,+0.12,2026,季,9.555,0,9.555,85.4,11.6,,0,11.6,'26/08/06,,'26/08/28
981,2816,旺旺保,09/04,40,+0.45,+1.14,2026,年,1.5,0,1.5,33.8,4.44,,0,4.44,'26/06/16,,'26/07/14
982,2820,華票,09/04,17.1,+0.05,+0.29,2026,年,0.9,0,0.9,17.75,5.07,,0,5.07,'26/07/02,,'26/07/29
983,2832,台產,09/04,58.5,+0.5,+0.86,2026,年,3.5,0,3.5,54.9,6.38,,0,6.38,'26/06/15,,'26/07/10
986,2849,安泰銀,09/04,15.05,+0.5,+3.44,2026,年,0.51,0,0.51,14.65,3.48,,0,3.48,'26/07/14,,'26/08/06
987,2850,新產,09/04,159,0,0,2026,年,7.27,0,7.27,148,4.91,,0,4.91,'26/06/16,,'26/07/13
988,2851,中再保,09/04,46.65,-0.65,-1.37,2026,年,2.2,0,2.2,37.15,5.92,,0,5.92,'26/06/29,,'26/07/20
989,2852,第一保,09/04,28.3,+0.05,+0.18,2026,年,1.66,0,1.66,27.85,5.96,,0,5.96,'26/06/17,,'26/07/10
993,2882,國泰金,09/04,115,+2.5,+2.22,2026,年,3.5,0,3.5,101.5,3.45,,0,3.45,'26/06/30,,'26/07/28
997,2886,兆豐金,09/04,49.55,-0.85,-1.69,2026,年,1.75,0,1.75,48.7,3.59,,0,3.59,'26/08/13,,'26/09/04
998,2887,台新新光金,09/04,41.5,+0.05,+0.12,2026,年,1,0.1,1.1,35.15,2.84,35.15,0.28,3.13,'26/07/21,'26/07/21,'26/08/19
1002,2891,中信金,09/04,68.4,+0.9,+1.33,2026,年,2.5,0,2.5,69.9,3.58,,0,3.58,'26/07/10,,'26/08/07
1005,2897,王道銀行,09/04,10.85,-0.05,-0.46,2026,年,0.52,0,0.52,10.5,4.95,,0,4.95,'26/07/23,,'26/08/19
1007,2901,欣欣,09/04,23.6,0,0,2026,年,0.373,0,0.373,23.55,1.58,,0,1.58,'26/08/27,,'26/09/22
1008,2903,遠百,09/04,22.3,0,0,2026,年,1.25,0,1.25,23,5.43,,0,5.43,'26/07/01,,'26/07/24
1009,2904,匯僑,09/04,12.75,-0.05,-0.39,2026,年,0.7,0,0.7,14.4,4.86,,0,4.86,'26/07/06,,'26/07/30
1010,2905,三商,09/04,18.15,-0.05,-0.27,2026,年,0.3,0,0.3,17.45,1.72,,0,1.72,'26/08/31,,'26/09/22
1011,2906,高林,09/04,13.85,+0.05,+0.36,2026,年,0.6,0,0.6,14.1,4.26,,0,4.26,'26/07/22,,'26/08/14
1012,2908,特力,09/04,22.25,+0.15,+0.68,2026,年,0.55,0,0.55,21.5,2.56,,0,2.56,'26/06/16,,'26/07/03
1013,2910,統領,09/04,23.65,+0.4,+1.72,2026,年,1.04,0,1.04,23.05,4.51,,0,4.51,'26/03/30,,'26/04/24
1014,2911,麗嬰房,09/04,6.42,+0.08,+1.26,2026,年,0,0,0,,0,,0,0,,,
1015,2912,統一超,09/04,216,-0.5,-0.23,2026,年,9,0,9,241,3.73,,0,3.73,'26/07/30,,'26/09/02
1016,2913,農林,09/04,11.1,0,0,2026,年,0,0,0,,0,,0,0,,,
1017,2915,潤泰全,09/04,57.6,+0.8,+1.41,2026,年,1.9,0,1.9,52.8,3.6,,0,3.6,'26/07/17,,'26/08/10
1018,2916,滿心,09/04,40.05,+0.05,+0.12,2026,年,3.6,0,3.6,47.45,7.59,,0,7.59,'26/05/28,,'26/06/26
1019,2923,鼎固-KY,09/04,25.6,+1.95,+8.25,2026,年,0.12,0,0.12,24.75,0.48,,0,0.48,'26/09/02,,'26/09/30
1020,2924,宏太-KY,09/04,17.9,+1.05,+6.23,2026,年,0,0,0,,0,,0,0,,,
1021,2926,誠品生活,09/04,30.5,0,0,2026,年,0.46,0,0.46,35.1,1.31,,0,1.31,'26/06/17,,'26/07/16
1022,2929,淘帝-KY,09/04,5.77,+0.12,+2.12,2026,年,0,0,0,,0,,0,0,,,
1023,2939,永邑-KY,09/04,20,+0.3,+1.52,2026,半年,0,0,0,,0,,0,0,,,
1024,2941,米斯特,09/04,33.9,+2.4,+7.62,2026,年,2.28,0,2.28,41.75,5.46,,0,5.46,'26/03/27,,'26/04/15
1025,2945,三商家購,09/04,40.05,+0.05,+0.12,2026,年,1.5,0,1.5,42.45,3.53,,0,3.53,'26/07/03,,'26/07/29
1026,3002,歐格,09/04,17.15,+0.2,+1.18,2026,年,0.33,0,0.33,17.95,1.84,,0,1.84,'26/07/27,,'26/08/25
1027,3003,健和興,09/04,65.5,+0.1,+0.15,2026,年,1,0,1,59.5,1.68,,0,1.68,'26/08/06,,'26/08/26
1028,3004,豐達科,09/04,121.5,-1.5,-1.22,2026,年,2.548,0,2.548,112,2.27,,0,2.27,'26/04/09,,'26/05/07
1029,3005,神基,09/04,115,+2,+1.77,2026,年,6.789,0,6.789,127,5.35,,0,5.35,'26/03/25,,'26/04/22
1030,3006,晶豪科,09/04,278.5,+1.5,+0.54,2026,年,1,0,1,213,0.47,,0,0.47,'26/07/02,,'26/07/31
1031,3008,大立光,09/04,7400,+250,+3.5,2026,半年,93.5,0,93.5,4585,3.04,,0,3.04,'26/08/13,,'26/09/10
1032,3010,華立,09/04,129,+1.5,+1.18,2026,年,5.3,0,5.3,131.5,4.03,,0,4.03,'26/06/23,,'26/07/21
1033,3011,今皓,09/04,10.15,+0.05,+0.5,2026,年,0,0,0,,0,,0,0,,,
1034,3013,晟銘電,09/04,88,+2,+2.33,2026,年,0.4,0.4,0.8,99.5,0.4,92.4,0.43,0.83,'26/07/14,'26/09/02,'26/08/07
1035,3014,聯陽,09/04,131.5,+1,+0.77,2026,年,8.502,0,8.502,153.5,5.54,,0,5.54,'26/07/09,,'26/08/06
1036,3015,全漢,09/04,53.3,+1.1,+2.11,2026,年,2.2,0,2.2,60.6,3.63,,0,3.63,'26/06/16,,'26/07/06
1037,3016,嘉晶,09/04,101,+2.7,+2.75,2026,年,0.497,0,0.497,124.5,0.4,,0,0.4,'26/06/29,,'26/07/22
1038,3017,奇鋐,09/04,3570,+270,+8.18,2026,年,20.88,0,20.88,3035,0.69,,0,0.69,'26/08/19,,'26/09/23
1039,3018,隆銘綠能,09/04,11.8,+0.15,+1.29,2026,年,0,0,0,,0,,0,0,,,
1040,3019,亞光,09/04,144.5,+1.5,+1.05,2026,年,4.6,0,4.6,157,2.93,,0,2.93,'26/06/24,,'26/07/17
1041,3021,鴻名,09/04,24.3,+2.2,+9.95,2026,年,0.6,0,0.6,16.9,3.55,,0,3.55,'26/04/16,,'26/05/15
1042,3022,威強電,09/04,95.9,+8.7,+9.98,2026,年,3.5,0,3.5,96.5,3.63,,0,3.63,'26/08/18,,'26/09/18
1043,3023,信邦,09/04,340,+15,+4.62,2026,年,10,0,10,318,3.14,,0,3.14,'26/08/10,,'26/09/04
1044,3024,憶聲,09/04,14.05,-0.6,-4.1,2026,年,0.22,0,0.22,12.45,1.77,,0,1.77,'26/07/09,,'26/08/10
1045,3025,星通,09/04,52.3,+0.3,+0.58,2026,年,3.2,0,3.2,57.2,5.59,,0,5.59,'26/08/27,,'26/09/24
1046,3026,禾伸堂,09/04,701,+63,+9.87,2026,年,5.8,0,5.8,902,0.64,,0,0.64,'26/06/22,,'26/07/17
1047,3027,盛達,09/04,18.25,+0.3,+1.67,2026,年,0,0,0,,0,,0,0,,,
1048,3028,增你強,09/04,64.1,+0.1,+0.16,2026,年,3,0,3,74.8,4.01,,0,4.01,'26/06/17,,'26/07/10
1049,3029,零壹,09/04,111.5,+2.5,+2.29,2026,年,5.5,0,5.5,118,4.66,,0,4.66,'26/03/19,,'26/04/13
1050,3030,德律,09/04,284,-9.5,-3.24,2026,年,7,0,7,323,2.17,,0,2.17,'26/06/11,,'26/07/03
1051,3031,佰鴻,09/04,24.75,+0.4,+1.64,2026,年,1,0,1,26.2,3.82,,0,3.82,'26/07/20,,'26/08/14
1052,3032,偉訓,09/04,78.8,0,0,2026,年,0,0,0,,0,,0,0,,,
1053,3033,威健,09/04,43.95,-0.2,-0.45,2026,年,1.92,0,1.92,47.8,4.02,,0,4.02,'26/08/06,,'26/09/03
1054,3034,聯詠,09/04,524,-3,-0.57,2026,年,23,0,23,542,4.24,,0,4.24,'26/07/10,,'26/08/11
1055,3035,智原,09/04,179.5,-0.5,-0.28,2026,年,1.8,0,1.8,202,0.89,,0,0.89,'26/06/16,,'26/07/17
1056,3036,文曄,09/04,192.5,+2,+1.05,2026,年,7.795,0,7.795,281,2.77,,0,2.77,'26/06/08,,'26/07/03
1057,3037,欣興,09/04,902,-21,-2.28,2026,年,1.98,0,1.98,969,0.2,,0,0.2,'26/07/06,,'26/07/31
1058,3038,全台,09/04,20.1,+0.05,+0.25,2026,年,1.2,0,1.2,23.5,5.11,,0,5.11,'26/03/19,,'26/04/17
1059,3040,遠見,09/04,35.7,+0.05,+0.14,2026,年,0.4,3.1,3.5,35.7,1.12,35.7,8.68,9.8,,,
1060,3041,揚智,09/04,23.3,+0.35,+1.53,,,,,,,,,,,,,
1061,3042,晶技,09/04,173.5,-0.5,-0.29,2026,半年,4.8,0,4.8,243.5,1.97,,0,1.97,'26/06/16,,'26/07/08
1062,3043,科風,09/04,20.9,+0.05,+0.24,2026,年,0,0,0,,0,,0,0,,,
1063,3044,健鼎,09/04,488.5,+1,+0.21,2026,年,12.7,0,12.7,472,2.69,,0,2.69,'26/07/09,,'26/08/14
1064,3045,台灣大,09/04,118,0,0,2026,年,4.744,0,4.744,113,4.2,,0,4.2,'26/07/09,,'26/07/31
1065,3046,建碁,09/04,55.4,+0.4,+0.73,2026,年,3,0,3,56,5.36,,0,5.36,'26/06/25,,'26/07/23
1066,3047,訊舟,09/04,13.65,+0.25,+1.87,2026,年,0,0,0,,0,,0,0,,,
1067,3048,益登,09/04,53.4,+1,+1.91,2026,年,1,0,1,64.6,1.55,,0,1.55,'26/07/07,,'26/08/05
1068,3049,精金,09/04,12.8,0,0,2026,半年,0,0,0,,0,,0,0,,,
1069,3050,鈺德,09/04,11.5,+0.2,+1.77,2026,年,0.25,0,0.25,11.55,2.16,,0,2.16,'26/08/13,,'26/09/11
1070,3051,力特,09/04,21.85,+0.1,+0.46,2026,年,0.5,0,0.5,22.15,2.26,,0,2.26,'26/08/03,,'26/08/28
1071,3052,夆典,09/04,10.5,-0.05,-0.47,2026,年,0.6,0,0.6,11.15,5.38,,0,5.38,'26/09/01,,'26/09/29
1072,3054,立萬利,09/04,55.2,-0.5,-0.9,2026,半年,0.8,0,0.8,65.6,1.22,,0,1.22,'26/06/26,,'26/07/27
1073,3055,蔚華科,09/04,132.5,+1.5,+1.15,2026,年,0.5,0,0.5,158,0.32,,0,0.32,'26/07/10,,'26/08/07
1074,3057,喬鼎,09/04,17.35,+0.35,+2.06,2026,年,0,0,0,,0,,0,0,,,
1075,3058,立德,09/04,8.05,-0.02,-0.25,2026,年,0,0,0,,0,,0,0,,,
1076,3059,華晶科,09/04,39.3,+0.85,+2.21,2026,年,0.999,0,0.999,39.3,2.54,,0,2.54,'26/09/09,,'26/10/12
1077,3060,銘異,09/04,26.5,+0.8,+3.11,2026,年,0.2,0,0.2,35.8,0.56,,0,0.56,'26/07/09,,'26/08/10
1078,3062,建漢,09/04,20.65,+0.25,+1.23,2026,年,0,0,0,,0,,0,0,,,
1079,3064,泰偉,09/04,18.95,0,0,2026,年,0,0,0,,0,,0,0,,,
1080,3066,李洲,09/04,24.7,-0.05,-0.2,2026,年,0,0,0,,0,,0,0,,,
1081,3067,全域,09/04,17.15,0,0,2026,年,0,0,0,,0,,0,0,,,
1082,3071,協禧,09/04,25.1,+0.75,+3.08,2026,年,0.8,0,0.8,32.85,2.44,,0,2.44,'26/07/06,,'26/07/31
1083,3078,僑威,09/04,46.1,+0.1,+0.22,2026,年,4,0,4,51.9,7.71,,0,7.71,'26/09/01,,'26/10/01
1084,3081,聯亞,09/04,3170,+50,+1.6,2026,年,3,1,4,1925,0.16,1925,0.05,0.21,'26/07/15,'26/07/15,'26/08/19
1085,3083,網龍,09/04,22.9,-0.15,-0.65,2026,年,0.33,0,0.33,26.7,1.24,,0,1.24,'26/07/17,,'26/08/19
1086,3085,新零售,09/04,11.5,+0.65,+5.99,2026,年,0,0,0,,0,,0,0,,,
1087,3088,艾訊,09/04,127,+7,+5.83,2026,年,2.93,0,2.93,147.5,1.99,,0,1.99,'26/07/23,,'26/08/21
1088,3090,日電貿,09/04,176.5,+14,+8.62,2026,年,4.8,0,4.8,316,1.52,,0,1.52,'26/07/02,,'26/07/31
1089,3092,鴻碩,09/04,23.55,+0.05,+0.21,2026,年,0,0,0,,0,,0,0,,,
1090,3093,港建*,09/04,45.2,-0.4,-0.88,2026,年,1.15,0,1.15,75,1.53,,0,1.53,'26/07/02,,'26/07/31
1091,3094,聯傑,09/04,46.5,+4.2,+9.93,2026,年,0.25,0,0.25,38.25,0.65,,0,0.65,'26/06/22,,'26/07/16
1092,3095,及成,09/04,35.15,0,0,2026,年,0,0,0,,0,,0,0,,,
1093,3105,穩懋,09/04,449.5,+3,+0.67,2026,年,2,0,2,478,0.42,,0,0.42,'26/06/11,,'26/07/10
1094,3114,好德,09/04,31.8,+1.2,+3.92,2026,年,1,0.4,1.4,34.65,2.89,34.65,1.15,4.04,'26/09/03,'26/09/03,'26/09/30
1095,3115,富榮綱,09/04,8.76,+0.15,+1.74,2026,年,0,0,0,,0,,0,0,,,
1096,3118,進階,09/04,31.4,-0.1,-0.32,2026,年,2.2,0,2.2,33.7,6.53,,0,6.53,'26/06/10,,'26/07/03
1097,3122,笙泉,09/04,25.2,+0.05,+0.2,2026,年,0,0,0,,0,,0,0,,,
1098,3130,一零四,09/04,210,+0.5,+0.24,2026,年,14.7,0,14.7,221,6.65,,0,6.65,'26/07/14,,'26/08/07
1099,3131,弘塑,09/04,2385,+20,+0.85,2026,年,46.08,0,46.08,2550,1.81,,0,1.81,'26/07/29,,'26/08/25
1100,3135,凌航,09/04,173,+0.5,+0.29,2026,年,3.259,0.477,3.735,182.5,1.79,182.5,0.26,2.05,'26/09/01,'26/09/01,'26/09/23
1101,3138,耀登,09/04,95.5,+2.5,+2.69,2026,年,1.546,0,1.546,101.5,1.52,,0,1.52,'26/07/22,,'26/08/14
1102,3141,晶宏,09/04,102.5,+2.5,+2.5,2026,年,0.358,0,0.358,102.5,0.35,,0,0.35,'26/09/11,,'26/10/08
1103,3149,正達,09/04,60.6,+1.1,+1.85,2026,半年,0,0,0,,0,,0,0,,,
1104,3150,鈺寶-創,09/04,16.6,+0.1,+0.61,2026,年,0.5,0,0.5,18.05,2.77,,0,2.77,'26/07/14,,'26/08/07
1105,3152,璟德,09/04,238,+5.5,+2.37,2026,年,7.111,0,7.111,232,3.07,,0,3.07,'26/08/06,,'26/09/02
1106,3158,嘉實,09/04,83.3,-0.3,-0.36,2026,年,6.5,0,6.5,99.5,6.53,,0,6.53,'26/03/30,,'26/04/27
1107,3162,精確,09/04,70.8,-0.7,-0.98,2026,年,0.865,0,0.865,83.6,1.03,,0,1.03,'26/07/09,,'26/08/05
1108,3163,波若威,09/04,775,+55,+7.64,2026,年,1.75,1.75,3.5,743,0.24,743,0.24,0.47,'26/07/28,'26/07/28,'26/08/31
1109,3164,景岳,09/04,15.9,0,0,2026,年,0.8,0,0.8,18.7,4.28,,0,4.28,'26/04/08,,'26/05/08
1110,3167,大量,09/04,803,+73,+10,2026,年,3.915,0,3.915,810,0.48,,0,0.48,'26/07/09,,'26/07/31
1111,3168,眾福科,09/04,42.75,+0.3,+0.71,2026,年,3,0,3,48.65,6.17,,0,6.17,'26/06/17,,'26/07/15
1112,3169,亞信,09/04,104.5,-0.5,-0.48,2026,年,3.2,0,3.2,114.5,2.79,,0,2.79,'26/06/24,,'26/07/17
1113,3171,炎洲流通,09/04,62.7,0,0,2026,年,4.64,0,4.64,69.9,6.64,,0,6.64,'26/07/09,,'26/07/31
1114,3176,基亞,09/04,35,0,0,2026,年,0,0,0,,0,,0,0,,,
1115,3178,公準,09/04,62.3,+1.5,+2.47,2026,年,0,0,0,,0,,0,0,,,
1116,3188,鑫龍騰,09/04,24.9,+0.55,+2.26,2026,年,3.196,0,3.196,32.3,9.89,,0,9.89,'26/03/26,,'26/04/30
1117,3189,景碩,09/04,819,+44,+5.68,2026,年,1.518,0,1.518,888,0.17,,0,0.17,'26/07/02,,'26/07/24
1118,3191,雲嘉南,09/04,17.3,-0.15,-0.86,2026,年,0,0,0,,0,,0,0,,,
1119,3205,佰研,09/04,46.2,-0.85,-1.81,2026,年,0,0,0,,0,,0,0,,,
1120,3206,志豐,09/04,34.45,+0.5,+1.47,2026,年,1.5,0,1.5,35.4,4.24,,0,4.24,'26/07/23,,'26/08/21
1121,3207,耀勝,09/04,40,-0.2,-0.5,2026,年,0,0,0,,0,,0,0,,,
1122,3209,全科,09/04,46.6,-0.4,-0.85,2026,年,2,0.5,2.5,51.9,3.85,51.9,0.96,4.82,'26/08/31,'26/08/31,'26/09/18
1123,3211,順達,09/04,386,+11,+2.93,2026,年,11.47,0,11.47,408,2.81,,0,2.81,'26/07/02,,'26/07/30
1124,3213,茂訊,09/04,129,+2,+1.57,2026,年,7,0,7,121.5,5.76,,0,5.76,'26/06/29,,'26/07/24
1125,3217,優群,09/04,134,0,0,2026,年,10,0,10,173.5,5.76,,0,5.76,'26/07/10,,'26/08/07
1126,3218,大學光,09/04,138.5,+0.5,+0.36,2026,年,7.75,0,7.75,138.5,5.6,,0,5.6,'26/03/26,,'26/04/22
1127,3219,倚強科,09/04,91.3,+0.8,+0.88,2026,年,1.36,0,1.36,66.1,2.06,,0,2.06,'26/07/23,,'26/08/25
1128,3221,台嘉碩,09/04,49.4,+1.35,+2.81,2026,年,0.277,0,0.277,57.1,0.49,,0,0.49,'26/07/08,,'26/08/07
1129,3224,三顧,09/04,33.3,-0.95,-2.77,2026,年,0,0,0,,0,,0,0,,,
1130,3226,龍鋒,09/04,55,+2.5,+4.76,2026,年,0,0,0,,0,,0,0,,,
1131,3227,原相,09/04,192,+0.5,+0.26,2026,年,10.01,0,10.01,221.5,4.52,,0,4.52,'26/07/13,,'26/08/10
1132,3228,金麗科,09/04,174,+3,+1.75,2026,年,0,0,0,,0,,0,0,,,
1133,3229,晟鈦,09/04,49.8,+1.2,+2.47,2026,年,0,0,0,,0,,0,0,,,
1134,3230,錦明,09/04,42.35,-0.35,-0.82,2026,年,0,0,0,,0,,0,0,,,
1135,3231,緯創,09/04,198,+9.5,+5.04,2026,年,5.501,0,5.501,155.5,3.54,,0,3.54,'26/07/08,,'26/08/06
1136,3232,昱捷,09/04,19.6,0,0,2026,年,0.5,0,0.5,19.9,2.51,,0,2.51,'26/08/13,,'26/09/15
1137,3234,光環,09/04,206,+11.5,+5.91,2026,年,0,0,0,,0,,0,0,,,
1138,3236,千如,09/04,44.45,+2.45,+5.83,2026,年,0.5,0,0.5,43.9,1.14,,0,1.14,'26/08/27,,'26/09/23
1139,3252,海灣,09/04,15.5,0,0,2026,年,0,0,0,,0,,0,0,,,
1140,3257,虹冠電,09/04,49.7,+0.05,+0.1,2026,年,2.8,0,2.8,56.5,4.96,,0,4.96,'26/05/22,,'26/06/22
1141,3259,鑫創,09/04,12.15,-1.3,-9.67,2026,年,0,0,0,,0,,0,0,,,
1142,3260,威剛,09/04,400.5,+5.5,+1.39,2026,半年,35,0,35,525,7.73,,0,7.73,'26/03/20,,'26/04/24
1143,3264,欣銓,09/04,227,+1,+0.44,2026,年,4.2,0,4.2,215.5,1.95,,0,1.95,'26/06/30,,'26/07/24
1144,3265,台星科,09/04,176.5,+3.5,+2.02,2026,年,4.1,0,4.1,188.5,2.18,,0,2.18,'26/07/03,,'26/07/24
1145,3266,昇陽,09/04,13.9,+0.2,+1.46,2026,年,0.5,0,0.5,13.95,3.58,,0,3.58,'26/07/22,,'26/08/21
1146,3268,海德威,09/04,17.4,-0.05,-0.29,2026,年,0,0,0,,0,,0,0,,,
1147,3272,東碩,09/04,14.6,+0.4,+2.82,2026,年,0,0,0,,0,,0,0,,,
1148,3276,宇環,09/04,14.2,+0.15,+1.07,2026,年,0.06,0,0.06,16,0.38,,0,0.38,'26/07/20,,'26/08/14
1149,3285,微端,09/04,41,0,0,2026,年,0.5,0,0.5,39.85,1.25,,0,1.25,'26/07/27,,'26/08/20
1150,3287,廣寰科,09/04,36.6,0,0,2026,年,1.5,0,1.5,39,3.85,,0,3.85,'26/08/26,,'26/09/24
1151,3288,點晶,09/04,20.8,-0.05,-0.24,2026,年,0,0,0,,0,,0,0,,,
1152,3289,宜特,09/04,140,+2,+1.45,2026,季,5.025,0,5.025,145,3.59,,0,3.59,'26/08/05,,'26/08/25
1153,3290,東浦,09/04,45.5,-1.05,-2.26,2026,年,1.5,0,1.5,70.4,2.13,,0,2.13,'26/07/07,,'26/07/28
1154,3293,鈊象,09/04,709,+6,+0.85,2026,半年,36,0,36,770,4.68,,0,4.68,'26/07/08,,'26/08/07
1155,3294,英濟,09/04,30,+0.45,+1.52,2026,年,0,0,0,,0,,0,0,,,
1156,3296,勝德,09/04,23.9,+0.25,+1.06,2026,年,0,0,0,,0,,0,0,,,
1157,3297,杭特,09/04,27.3,+0.4,+1.49,2026,年,0,0,0,,0,,0,0,,,
1158,3303,岱稜,09/04,51.3,0,0,2026,年,3,0,3,59.2,5.07,,0,5.07,'26/07/10,,'26/08/07
1159,3305,昇貿,09/04,111,+2.5,+2.3,2026,年,2.283,0,2.283,119.5,1.91,,0,1.91,'26/07/15,,'26/08/13
1160,3306,鼎天,09/04,44.95,+0.35,+0.78,2026,年,1.7,0,1.7,43.75,3.89,,0,3.89,'26/08/03,,'26/08/21
1161,3308,聯德,09/04,22,+0.25,+1.15,2026,年,0,0,0,,0,,0,0,,,
1162,3310,佳穎,09/04,68.8,-0.3,-0.43,2026,年,3.5,0,3.5,72.2,4.85,,0,4.85,'26/06/08,,'26/07/01
1163,3311,閎暉,09/04,31.95,+0.2,+0.63,2026,年,0.6,0,0.6,38.05,1.58,,0,1.58,'26/07/02,,'26/07/30
1164,3312,弘憶股,09/04,52.8,+0.8,+1.54,2026,年,1.3,0,1.3,52.8,2.46,,0,2.46,'26/09/08,,'26/09/30
1165,3313,斐成,09/04,10.8,-0.05,-0.46,2026,年,0,0,0,,0,,0,0,,,
1166,3321,同泰,09/04,18.1,+0.1,+0.56,2026,年,0,0,0,,0,,0,0,,,
1167,3322,建舜電,09/04,11.1,-0.05,-0.45,2026,年,0,0,0,,0,,0,0,,,
1168,3323,加百裕,09/04,28.9,+0.35,+1.23,2026,年,0,0,0,,0,,0,0,,,
1169,3324,雙鴻,09/04,1485,+135,+10,2026,年,11.9,0,11.9,1050,1.13,,0,1.13,'26/06/17,,'26/07/16
1170,3325,旭品,09/04,11.2,+0.05,+0.45,2026,年,0,0,0,,0,,0,0,,,
1171,3332,幸康,09/04,61,0,0,2026,年,2,0,2,63.9,3.13,,0,3.13,'26/08/04,,'26/08/31
1172,3338,泰碩,09/04,65.4,+2.3,+3.65,2026,年,1.3,0,1.3,74.8,1.74,,0,1.74,'26/06/25,,'26/07/28
1173,3339,泰谷,09/04,43.8,+1.7,+4.04,2026,年,0,0,0,,0,,0,0,,,
1174,3346,麗清,09/04,18.95,+0.15,+0.8,2026,年,0.11,0,0.11,19.6,0.56,,0,0.56,'26/09/02,,'26/09/22
1175,3349,寶德,09/04,22.45,-0.05,-0.22,2026,年,0,0,0,,0,,0,0,,,
1176,3354,律勝,09/04,24,-0.15,-0.62,2026,年,0,0,0,,0,,0,0,,,
1177,3356,奇偶,09/04,61.3,-1.1,-1.76,2026,年,3.5,0,3.5,61.7,5.67,,0,5.67,'26/06/04,,'26/06/24
1178,3357,臺慶科,09/04,214,+11,+5.42,2026,年,5.085,0,5.085,300.5,1.69,,0,1.69,'26/06/29,,'26/07/21
1179,3360,尚立,09/04,14.9,+0.1,+0.68,2026,年,0,0,0,,0,,0,0,,,
1180,3362,先進光,09/04,210,+12,+6.06,2026,年,0,0,0,,0,,0,0,,,
1181,3363,上詮,09/04,735,-39,-5.04,2026,年,0,0,0,,0,,0,0,,,
1182,3372,典範,09/04,14.7,+0.1,+0.68,2026,年,0,0,0,,0,,0,0,,,
1183,3374,精材,09/04,430,+30,+7.5,2026,年,2.5,0,2.5,303.5,0.82,,0,0.82,'26/06/24,,'26/07/17
1184,3376,新日興,09/04,211,+7,+3.43,2026,年,4,0,4,185,2.16,,0,2.16,'26/08/06,,'26/09/03
1185,3379,彬台,09/04,28.15,-0.35,-1.23,2026,年,1.2,0,1.2,31.15,3.85,,0,3.85,'26/07/27,,'26/08/25
1186,3380,明泰,09/04,30,+1,+3.45,2026,年,0.5,0,0.5,32.9,1.52,,0,1.52,'26/07/16,,'26/08/13
1187,3388,崇越電,09/04,90.5,+2.5,+2.84,2026,年,3.337,0,3.337,92.2,3.62,,0,3.62,'26/06/23,,'26/07/20
1188,3390,旭軟,09/04,22.2,+0.4,+1.83,2026,年,0.199,0,0.199,22.85,0.87,,0,0.87,'26/08/11,,'26/08/31
1189,3402,漢科,09/04,121.5,+1.5,+1.25,2026,年,6,0,6,144,4.17,,0,4.17,'26/07/22,,'26/08/20
1190,3406,玉晶光,09/04,1055,+64,+6.46,2026,半年,17,0,17,682,2.49,,0,2.49,'26/06/08,,'26/07/08
1191,3413,京鼎,09/04,282.5,+2.5,+0.89,2026,年,10.98,0,10.98,346,3.17,,0,3.17,'26/05/27,,'26/06/22
1192,3416,融程電,09/04,172.5,+7.5,+4.55,2026,年,5.096,0.498,5.594,166.5,3.06,182,0.27,3.33,'26/06/30,'26/09/01,'26/07/27
1193,3419,譁裕,09/04,11.7,0,0,2026,年,0,0,0,,0,,0,0,,,
1194,3430,奇鈦科,09/04,105.5,0,0,2026,年,1.6,0,1.6,129.5,1.24,,0,1.24,'26/07/09,,'26/07/31
1195,3432,台端,09/04,14.55,0,0,2026,年,0,0,0,,0,,0,0,,,
1196,3437,榮創,09/04,18.35,+0.75,+4.26,2026,年,0,0,0,,0,,0,0,,,
1197,3438,類比科,09/04,64.5,-1.5,-2.27,2026,年,1.5,0,1.5,70.5,2.13,,0,2.13,'26/07/09,,'26/08/07
1198,3441,聯一光,09/04,143,+13,+10,2026,年,0.85,0,0.85,54.6,1.56,,0,1.56,'26/06/09,,'26/07/03
1199,3443,創意,09/04,5810,+10,+0.17,2026,年,20,0,20,4410,0.45,,0,0.45,'26/06/08,,'26/06/30
1200,3444,利機,09/04,83.7,+2.7,+3.33,2026,年,1.8,0,1.8,77.3,2.33,,0,2.33,'26/07/23,,'26/08/27
1201,3447,展達,09/04,28.95,+0.7,+2.48,2026,年,1.1,0,1.1,40.2,2.74,,0,2.74,'26/06/22,,'26/07/17
1202,3450,聯鈞,09/04,580,+26,+4.69,2026,年,1,0,1,499.5,0.2,,0,0.2,'26/06/17,,'26/07/09
1203,3455,由田,09/04,236.5,-2.5,-1.05,2026,年,3.5,0,3.5,260.5,1.34,,0,1.34,'26/09/01,,'26/09/24
1204,3465,進泰電子,09/04,29.05,-0.05,-0.17,2026,季,0,0,0,,0,,0,0,,,
1205,3466,德晉,09/04,24.35,-0.35,-1.42,2026,年,0,0,0,,0,,0,0,,,
1206,3467,台灣精材,09/04,51.1,-0.7,-1.35,2026,年,0.5,0,0.5,58.8,0.85,,0,0.85,'26/07/10,,'26/07/31
1207,3479,安勤,09/04,127,+5,+4.1,2026,年,4.623,0,4.623,146.5,3.16,,0,3.16,'26/07/03,,'26/07/31
1208,3481,群創,09/04,48.5,+0.4,+0.83,2026,年,1,0,1,44.3,2.26,,0,2.26,'26/06/11,,'26/07/10
1209,3484,崧騰,09/04,46.5,-0.4,-0.85,2026,年,2.5,0,2.5,51,4.9,,0,4.9,'26/09/03,,'26/10/02
1210,3485,敘豐,09/04,210,0,0,2026,年,4.5,0,4.5,192,2.34,,0,2.34,'26/07/30,,'26/08/26
1211,3489,森寶,09/04,22.85,+0.1,+0.44,2026,年,3,0,3,24.2,12.4,,0,12.4,'26/07/10,,'26/08/07
1212,3490,單井,09/04,46,+1.05,+2.34,2026,年,0.5,0,0.5,31.4,1.59,,0,1.59,'26/07/14,,'26/08/07
1213,3491,昇達科,09/04,1505,+100,+7.12,2026,年,6.8,0,6.8,1300,0.52,,0,0.52,'26/07/23,,'26/08/28
1214,3492,長盛,09/04,19.15,-0.1,-0.52,2026,年,1.1,0,1.1,21.55,5.1,,0,5.1,'26/08/28,,'26/09/23
1215,3494,誠研,09/04,7.09,+0.01,+0.14,2026,年,0,0,0,,0,,0,0,,,
1216,3498,陽程,09/04,194,+2,+1.04,2026,年,0,0,0,,0,,0,0,,,
1217,3499,環天科,09/04,13.6,+1.2,+9.68,2026,年,0,0,0,,0,,0,0,,,
1218,3501,維熹,09/04,39.8,-0.1,-0.25,2026,年,2,0,2,39.95,5.01,,0,5.01,'26/08/03,,'26/08/26
1219,3504,揚明光,09/04,89.7,+1.9,+2.16,2026,年,0,0,0,,0,,0,0,,,
1220,3508,位速,09/04,20.95,+0.4,+1.95,2026,年,0,0,0,,0,,0,0,,,
1221,3511,矽瑪,09/04,19.7,+0.05,+0.25,2026,年,0,0,0,,0,,0,0,,,
1222,3512,皇龍,09/04,19.4,-0.25,-1.27,2026,年,1.8,0,1.8,21.45,8.39,,0,8.39,'26/07/14,,'26/08/10
1223,3515,華擎,09/04,227,+7,+3.18,2026,年,11,0,11,234,4.7,,0,4.7,'26/07/01,,'26/07/22
1224,3516,亞帝歐,09/04,26.5,+0.35,+1.34,2026,年,0.2,0,0.2,27.05,0.74,,0,0.74,'26/08/06,,'26/09/10
1225,3518,柏騰,09/04,30.8,-1.05,-3.3,2026,年,0,0,0,,0,,0,0,,,
1226,3520,華盈,09/04,17.6,+0.3,+1.73,2026,年,0,0,0,,0,,0,0,,,
1227,3521,台鋼建設,09/04,12.1,+0.05,+0.41,2026,年,0,0,0,,0,,0,0,,,
1228,3522,御嵿,09/04,11.85,+0.05,+0.42,2026,年,0,0,0,,0,,0,0,,,
1229,3523,迎輝,09/04,15,-0.1,-0.66,2026,年,0,0,0,,0,,0,0,,,
1230,3526,凡甲,09/04,283,+3,+1.07,2026,年,16.84,0,16.84,291.5,5.78,,0,5.78,'26/04/16,,'26/05/15
1231,3527,聚積,09/04,51.2,0,0,2026,年,1,0,1,52.5,1.9,,0,1.9,'26/07/29,,'26/08/26
1232,3528,安馳,09/04,83.3,+0.9,+1.09,2026,年,1.38,0,1.38,83.4,1.65,,0,1.65,'26/08/27,,'26/09/16
1233,3529,力旺,09/04,2385,+55,+2.36,2026,年,20.5,0,20.5,3170,0.65,,0,0.65,'26/06/25,,'26/07/17
1234,3530,晶相光,09/04,58.3,+0.5,+0.87,2026,年,0.8,0,0.8,73.6,1.09,,0,1.09,'26/06/24,,'26/07/23
1235,3531,先益,09/04,21.35,+0.05,+0.23,2026,年,0.5,0,0.5,23.55,2.12,,0,2.12,'26/06/09,,'26/07/07
1236,3532,台勝科,09/04,399,+18,+4.72,2026,年,1,0,1,465.5,0.21,,0,0.21,'26/07/14,,'26/08/14
1237,3533,嘉澤,09/04,1685,+15,+0.9,2026,年,34.93,0,34.93,2005,1.74,,0,1.74,'26/08/04,,'26/08/31
1238,3535,晶彩科,09/04,86.8,+1.3,+1.52,2026,年,0,0,0,,0,,0,0,,,
1239,3537,堡達,09/04,55.4,+3,+5.73,2026,年,2,0,2,51.2,3.91,,0,3.91,'26/07/29,,'26/08/21
1240,3540,曜越,09/04,23.65,+0.45,+1.94,2026,年,0.257,0,0.257,20.6,1.25,,0,1.25,'26/07/29,,'26/08/21
1241,3541,西柏,09/04,21.65,+0.1,+0.46,2026,年,0,0,0,,0,,0,0,,,
1242,3543,州巧,09/04,44.7,-0.2,-0.45,2026,年,0.6,0,0.6,31.6,1.9,,0,1.9,'26/06/17,,'26/07/14
1243,3545,敦泰,09/04,50.7,+0.3,+0.6,2026,年,0.815,0,0.815,50.1,1.63,,0,1.63,'26/08/04,,'26/08/28
1244,3550,聯穎,09/04,23.2,+0.25,+1.09,2026,年,0,0,0,,0,,0,0,,,
1245,3551,世禾,09/04,182,+6,+3.41,2026,年,4.8,0,4.8,225,2.13,,0,2.13,'26/07/16,,'26/08/14
1246,3555,博士旺,09/04,193.5,+8,+4.31,2026,半年,0,0,0,,0,,0,0,,,
1247,3556,禾瑞亞,09/04,58.1,-3.3,-5.37,2026,年,1.95,0,1.95,69.6,2.8,,0,2.8,'26/06/15,,'26/07/10
1248,3558,神準,09/04,119.5,+1,+0.84,2026,年,3,0,3,130,2.31,,0,2.31,'26/08/27,,'26/09/22
1249,3564,其陽,09/04,50.2,-2.7,-5.1,2026,年,0.27,0,0.27,54.1,0.5,,0,0.5,'26/07/10,,'26/08/07
1250,3567,逸昌,09/04,25.5,-0.15,-0.58,2026,年,1,0,1,29.8,3.36,,0,3.36,'26/07/14,,'26/08/07
1251,3570,大塚,09/04,163.5,+1,+0.62,2026,年,9.7,0,9.7,176,5.51,,0,5.51,'26/07/02,,'26/07/31
1252,3576,聯合再生,09/04,17.15,+0.1,+0.59,2026,年,0,0,0,,0,,0,0,,,
1253,3577,泓格,09/04,112.5,+3,+2.74,2026,年,2,0,2,132.5,1.51,,0,1.51,'26/07/14,,'26/08/10
1254,3580,友威科,09/04,88.1,+2.6,+3.04,2026,年,1.2,0,1.2,91.8,1.31,,0,1.31,'26/06/29,,'26/07/24
1255,3581,博磊,09/04,111.5,+4.5,+4.21,2026,年,0.6,0,0.6,134,0.45,,0,0.45,'26/07/14,,'26/08/07
1256,3583,辛耘,09/04,711,-31,-4.18,2026,年,5.748,0,5.748,624,0.92,,0,0.92,'26/07/30,,'26/08/28
1257,3587,閎康,09/04,255,+5.5,+2.2,2026,年,4.208,0,4.208,258,1.63,,0,1.63,'26/07/27,,'26/08/25
1258,3591,艾笛森,09/04,24.9,+2.2,+9.69,2026,年,0,0,0,,0,,0,0,,,
1259,3592,瑞鼎,09/04,224,+3,+1.36,2026,年,14.6,0,14.6,281.5,5.19,,0,5.19,'26/07/02,,'26/07/30
1260,3593,力銘,09/04,10.75,+0.35,+3.37,2026,年,0,0,0,,0,,0,0,,,
1261,3594,磐儀,09/04,49.15,+1.85,+3.91,2026,年,0.398,0,0.398,51.1,0.78,,0,0.78,'26/08/25,,'26/09/24
1262,3596,智易,09/04,159.5,+2.5,+1.59,2026,年,9,0,9,177.5,5.07,,0,5.07,'26/03/26,,'26/04/29
1263,3597,映興,09/04,26.75,+0.6,+2.29,2026,年,0.4,0,0.4,26.4,1.52,,0,1.52,'26/06/23,,'26/07/17
1264,3605,宏致,09/04,118,+3.5,+3.06,2026,年,1.572,0,1.572,111,1.42,,0,1.42,'26/08/12,,'26/09/16
1265,3607,谷崧,09/04,13.75,+0.1,+0.73,2026,年,0.8,0,0.8,16.8,4.76,,0,4.76,'26/07/01,,'26/07/28
1266,3609,三一東林,09/04,18.75,+0.75,+4.17,2026,年,0,0,0,,0,,0,0,,,
1267,3611,鼎翰,09/04,183,0,0,2026,年,10,0,10,192.5,5.19,,0,5.19,'26/07/20,,'26/08/14
1268,3615,安可,09/04,36.5,+0.75,+2.1,2026,年,0.7,0,0.7,44.25,1.58,,0,1.58,'26/07/16,,'26/08/14
1269,3617,碩天,09/04,248,+6.5,+2.69,2026,半年,9.937,0,9.937,211.5,4.7,,0,4.7,'26/07/22,,'26/08/18
1270,3622,洋華,09/04,52.7,0,0,2026,年,3.2,0,3.2,52.7,6.07,,0,6.07,'26/09/08,,'26/10/07
1271,3623,富晶通,09/04,23.9,-0.1,-0.42,2026,年,0,0,0,,0,,0,0,,,
1272,3624,光頡,09/04,93.2,+8.4,+9.91,2026,年,1.1,0,1.1,133.5,0.82,,0,0.82,'26/07/08,,'26/08/07
1273,3625,西勝,09/04,12.35,-0.7,-5.36,2026,年,0,0,0,,0,,0,0,,,
1274,3628,盈正,09/04,69.3,+0.8,+1.17,2026,年,3.25,0,3.25,73.2,4.44,,0,4.44,'26/07/16,,'26/08/12
1275,3629,地心引力,09/04,19.8,-0.05,-0.25,2026,季,0,0,0,,0,,0,0,,,
1276,3630,新鉅科,09/04,28.4,+1.35,+4.99,2026,年,0,0,0,,0,,0,0,,,
1277,3631,晟楠,09/04,38.5,+1.25,+3.36,2026,年,0,0,0,,0,,0,0,,,
1278,3632,研勤,09/04,7.35,0,0,2026,年,0,0,0,,0,,0,0,,,
1279,3645,達邁,09/04,71.6,+1.3,+1.85,2026,年,1.2,0,1.2,79.5,1.51,,0,1.51,'26/07/14,,'26/08/07
1280,3646,艾恩特,09/04,23.85,+0.05,+0.21,2026,年,0.9,0,0.9,23.95,3.76,,0,3.76,'26/08/24,,'26/09/23
1281,3652,精聯,09/04,33.05,+1.25,+3.93,2026,年,1.195,0,1.195,32.05,3.73,,0,3.73,'26/07/15,,'26/08/11
1282,3653,健策,09/04,5875,+260,+4.63,2026,年,21.72,0,21.72,3520,0.62,,0,0.62,'26/07/22,,'26/08/18
1283,3661,世芯-KY,09/04,4220,+170,+4.2,2026,年,32.55,0,32.55,4200,0.78,,0,0.78,'26/09/03,,'26/10/08
1284,3663,鑫科,09/04,62.1,+1.7,+2.81,2026,年,0,0,0,,0,,0,0,,,
1285,3664,安瑞-KY,09/04,8.19,-0.91,-10,2026,年,0,0,0,,0,,0,0,,,
1286,3666,光耀,09/04,25,0,0,2026,年,0,0,0,,0,,0,0,,,
1287,3669,圓展,09/04,35.1,+0.3,+0.86,2026,年,1,0,1,35.4,2.82,,0,2.82,'26/06/26,,'26/07/20
1288,3672,康聯訊,09/04,11.9,-0.1,-0.83,2026,年,0,0,0,,0,,0,0,,,
1289,3673,TPK-KY,09/04,65.5,+0.8,+1.24,2026,年,1.8,0,1.8,74.2,2.43,,0,2.43,'26/07/16,,'26/08/10
1290,3675,德微,09/04,282,+5,+1.81,2026,年,4,0,4,282,1.42,,0,1.42,'26/09/15,,'26/10/08
1291,3679,新至陞,09/04,105.5,-2.5,-2.31,2026,年,9,0,9,123.5,7.29,,0,7.29,'26/06/12,,'26/07/10
1292,3680,家登,09/04,518,+6,+1.17,2026,半年,15,0,15,589,2.78,,0,2.78,'26/05/27,,'26/06/18
1293,3684,榮昌,09/04,54.3,+0.2,+0.37,2026,年,2.774,0,2.774,59.8,4.64,,0,4.64,'26/06/23,,'26/07/20
1294,3685,元創精密,09/04,36.9,+0.7,+1.93,2026,年,0,0,0,,0,,0,0,,,
1295,3686,達能,09/04,14.2,-0.2,-1.39,2026,年,0,0,0,,0,,0,0,,,
1296,3687,歐買尬,09/04,62.9,-0.3,-0.47,2026,年,2.003,0,2.003,76.5,2.62,,0,2.62,'26/07/16,,'26/08/18
1297,3689,湧德,09/04,116.5,+2,+1.75,2026,年,3.648,0,3.648,105,3.47,,0,3.47,'26/08/03,,'26/08/28
1298,3691,碩禾,09/04,99,+1.4,+1.43,2026,年,0,0,0,,0,,0,0,,,
1299,3693,營邦,09/04,663,+15,+2.31,2026,年,8,0,8,556,1.44,,0,1.44,'26/08/28,,'26/09/18
1300,3694,海華,09/04,50.4,+0.4,+0.8,2026,年,2.301,0,2.301,64.1,3.59,,0,3.59,'26/07/24,,'26/08/18
1301,3701,大眾控,09/04,41.95,+1.5,+3.71,2026,年,0.2,0,0.2,41.95,0.48,,0,0.48,,,
1302,3702,大聯大,09/04,104,+2,+1.96,2026,年,3.643,0,3.643,108,3.37,,0,3.37,'26/08/27,,'26/09/30
1303,3703,欣陸,09/04,20,+0.05,+0.25,2026,年,1.05,0,1.05,21.45,4.9,,0,4.9,'26/07/02,,'26/07/31
1304,3704,合勤控,09/04,40.1,+0.1,+0.25,2026,年,0.4,0,0.4,46.95,0.85,,0,0.85,'26/07/06,,'26/07/31
1305,3705,永信,09/04,56.1,+0.2,+0.36,2026,年,3,0,3,57,5.26,,0,5.26,'26/06/24,,'26/07/16
1306,3707,漢磊,09/04,62,+1.5,+2.48,2026,年,0,0,0,,0,,0,0,,,
1307,3708,上緯投控,09/04,100.5,+0.5,+0.5,2026,半年,6.496,0,6.496,115,5.65,,0,5.65,'26/06/26,,'26/07/24
1308,3709,鑫聯大投控,09/04,65.7,+0.8,+1.23,2026,年,2.157,0,2.157,79.4,2.72,,0,2.72,'26/08/10,,'26/09/03
1309,3710,連展投控,09/04,5.07,+0.03,+0.6,2026,年,0,0,0,,0,,0,0,,,
1310,3711,日月光投控,09/04,588,-1,-0.17,2026,年,6.585,0,6.585,727,0.91,,0,0.91,'26/07/03,,'26/07/31
1311,3712,永崴投控,09/04,21.2,+0.2,+0.95,2026,年,0,0,0,,0,,0,0,,,
1312,3713,新晶投控,09/04,14.35,+0.15,+1.06,2026,年,0,0,0,,0,,0,0,,,
1313,3714,富采,09/04,66.8,+5.3,+8.62,2026,年,0.9,0,0.9,62.4,1.44,,0,1.44,'26/06/30,,'26/07/30
1314,3715,定穎投控,09/04,118,0,0,2026,年,1.08,0,1.08,172,0.63,,0,0.63,'26/07/02,,'26/07/29
1315,3716,中化控股,09/04,34.1,-0.25,-0.73,2026,年,1.004,0,1.004,34.65,2.9,,0,2.9,'26/07/23,,'26/08/20
1316,4102,永日,09/04,19.2,0,0,2026,年,0,0,0,,0,,0,0,,,
1317,4105,東洋,09/04,77,-0.3,-0.39,2026,年,4.5,0,4.5,80,5.62,,0,5.62,'26/03/26,,'26/04/27
1318,4106,雃博,09/04,24.5,0,0,2026,年,1,0,1,24.5,4.08,,0,4.08,'26/07/30,,'26/08/27
1319,4107,邦特,09/04,113,0,0,2026,年,5.5,0,5.5,119.5,4.6,,0,4.6,'26/07/28,,'26/08/28
1320,4108,懷特,09/04,11.4,+0.05,+0.44,2026,年,0,0,0,,0,,0,0,,,
1321,4109,加捷生醫,09/04,11.15,+0.15,+1.36,2026,年,0.2,0,0.2,11.15,1.79,,0,1.79,,,
1322,4113,聯上,09/04,14.95,-0.15,-0.99,2026,年,0,0,0,,0,,0,0,,,
1323,4116,明基醫,09/04,40.25,-0.2,-0.49,2026,年,2,0,2,38.5,5.19,,0,5.19,'26/07/01,,'26/07/30
1324,4119,旭富,09/04,56.1,0,0,2026,年,0.75,0,0.75,44.8,1.67,,0,1.67,'26/07/01,,'26/08/05
1325,4120,友華,09/04,45.7,0,0,2026,年,4,0,4,48,8.33,,0,8.33,'26/07/20,,'26/08/06
1326,4121,優盛,09/04,12.9,+0.05,+0.39,2026,年,0,0,0,,0,,0,0,,,
1327,4126,太醫,09/04,78,-0.1,-0.13,2026,年,4.5,0,4.5,81.3,5.54,,0,5.54,'26/07/15,,'26/08/07
1328,4127,天良,09/04,61.3,-4.7,-7.12,2026,年,0,0,0,,0,,0,0,,,
1329,4128,中天,09/04,14.65,+0.1,+0.69,2026,年,0,0,0,,0,,0,0,,,
1330,4129,聯合,09/04,81.5,+0.3,+0.37,2026,年,4.5,0,4.5,91.7,4.91,,0,4.91,'26/07/23,,'26/08/20
1331,4131,浩泰,09/04,30.95,+0.2,+0.65,2026,年,0,0,0,,0,,0,0,,,
1332,4133,亞諾法,09/04,20.55,+0.05,+0.24,2026,年,0.112,0,0.112,20.8,0.54,,0,0.54,'26/06/16,,'26/07/08
1333,4137,麗豐-KY,09/04,79.3,-0.6,-0.75,2026,季,10,0,10,110.5,9.05,,0,9.05,'26/07/02,,'26/07/30
1334,4139,馬光-KY,09/04,41.95,-0.2,-0.47,2026,年,0,0,0,,0,,0,0,,,
1335,4142,國光生,09/04,17.55,-0.05,-0.28,2026,年,0,0,0,,0,,0,0,,,
1336,4147,中裕,09/04,63.6,+0.4,+0.63,2026,年,0,0,0,,0,,0,0,,,
1337,4153,鈺緯,09/04,32.6,+0.2,+0.62,2026,年,2,0,2,32.35,6.18,,0,6.18,'26/06/12,,'26/07/10
1338,4154,樂威科-KY,09/04,12.5,0,0,2026,年,0,0,0,,0,,0,0,,,
1339,4155,訊映,09/04,14.45,+0.15,+1.05,2026,年,0.3,0,0.3,14.45,2.08,,0,2.08,,,
1340,4157,太景*-KY,09/04,8.75,0,0,2026,年,0,0,0,,0,,0,0,,,
1341,4160,訊聯基因,09/04,39.4,-0.3,-0.76,2026,年,0,0.496,0.496,,0,39.4,1.26,1.26,,'26/09/09,
1342,4162,智擎,09/04,57.8,0,0,2026,年,2,0,2,62.1,3.22,,0,3.22,'26/08/17,,'26/09/04
1343,4163,鐿鈦,09/04,137,-2,-1.44,2026,年,3.5,0,3.5,108,3.24,,0,3.24,'26/03/23,,'26/04/17
1344,4164,承業醫,09/04,26.15,+0.15,+0.58,2026,年,1.108,0,1.108,29.6,3.74,,0,3.74,'26/06/29,,'26/07/21
1345,4166,友霖,09/04,25.2,+0.45,+1.82,2026,年,0,0,0,,0,,0,0,,,
1346,4167,松瑞藥,09/04,19.15,+0.15,+0.79,2026,年,0.805,0.68,1.485,20.4,3.94,20.4,3.33,7.28,'26/07/28,'26/07/28,'26/08/31
1347,4168,醣聯,09/04,22.1,-0.2,-0.9,2026,年,0,0,0,,0,,0,0,,,
1348,4169,泰宗,09/04,150.5,0,0,2026,年,0.32,0,0.32,252,0.13,,0,0.13,'26/07/20,,'26/08/14
1349,4171,瑞基,09/04,16.8,0,0,2026,年,0,0,0,,0,,0,0,,,
1350,4173,久裕,09/04,17.15,-0.1,-0.58,2026,年,1.04,0,1.04,20.5,5.07,,0,5.07,'26/04/16,,'26/05/14
1351,4174,浩鼎,09/04,25.05,+0.45,+1.83,2026,年,0,0,0,,0,,0,0,,,
1352,4175,杏一,09/04,51.8,+0.2,+0.39,2026,年,3,0,3,53.5,5.61,,0,5.61,'26/07/07,,'26/07/31
1353,4178,永笙-KY,09/04,16.9,+0.3,+1.81,2026,年,0,0,0,,0,,0,0,,,
1354,4183,福永生技,09/04,14.2,+0.2,+1.43,2026,年,0,0,0,,0,,0,0,,,
1355,4188,安克,09/04,14.45,+0.4,+2.85,2026,年,0,0,0,,0,,0,0,,,
1356,4190,佐登-KY,09/04,25.95,+0.15,+0.58,2026,年,0.5,0,0.5,25.5,1.96,,0,1.96,'26/08/04,,'26/08/28
1357,4192,杏國,09/04,18.9,+0.4,+2.16,2026,年,0,0,0,,0,,0,0,,,
1358,4195,基米-創,09/04,13.75,-0.2,-1.43,2026,年,0,0,0,,0,,0,0,,,
1359,4198,欣大健康,09/04,48.5,+1.7,+3.63,2026,年,0,0,0,,0,,0,0,,,
1360,4207,環泰,09/04,20.5,+0.15,+0.74,2026,年,1.2,0,1.2,19.7,6.09,,0,6.09,'26/04/08,,'26/05/08
1361,4304,勝昱,09/04,19.15,-0.45,-2.3,2026,年,0,0,0,,0,,0,0,,,
1362,4305,世坤,09/04,43.9,+0.5,+1.15,2026,年,3.1,0,3.1,45.95,6.75,,0,6.75,'26/07/01,,'26/07/28
1363,4401,東隆興,09/04,14.2,+0.1,+0.71,2026,年,0.6,0,0.6,14.1,4.26,,0,4.26,'26/07/30,,'26/08/31
1364,4402,郡都開發,09/04,14.85,0,0,2026,年,0,0,0,,0,,0,0,,,
1365,4406,新昕纖,09/04,9.9,0,0,2026,年,0,0,0,,0,,0,0,,,
1366,4413,飛寶企業,09/04,19.7,-0.3,-1.5,2026,年,0.3,0,0.3,14.9,2.01,,0,2.01,'26/07/16,,'26/08/12
1367,4414,如興,09/04,8.22,+0.03,+0.37,2026,年,0.01,0.1,0.11,8.22,0.12,8.22,1.22,1.34,,,
1368,4416,三圓,09/04,12.75,+0.35,+2.82,2026,年,0,0,0,,0,,0,0,,,
1369,4417,金洲,09/04,47.1,+0.1,+0.21,2026,年,3.5,0,3.5,48.05,7.28,,0,7.28,'26/07/13,,'26/07/31
1370,4419,皇家美食,09/04,48.35,+1.6,+3.42,2026,年,0,0,0,,0,,0,0,,,
1371,4420,光明,09/04,38.55,+0.45,+1.18,2026,半年,5,0,5,38.55,11.4,,0,11.4,'26/09/17,,'26/10/19
1372,4426,利勤,09/04,7.57,-0.01,-0.13,2026,年,0,0,0,,0,,0,0,,,
1373,4430,耀億,09/04,17.7,+0.05,+0.28,2026,年,0.5,0,0.5,19,2.63,,0,2.63,'26/08/21,,'26/09/11
1374,4432,銘旺實,09/04,15.9,+0.3,+1.92,2026,年,0.4,0,0.4,16.55,2.42,,0,2.42,'26/08/17,,'26/09/10
1375,4433,興采,09/04,18.7,-0.1,-0.53,2026,年,1,0,1,21.2,4.72,,0,4.72,'26/07/09,,'26/07/30
1376,4438,廣越,09/04,58.3,+0.1,+0.17,2026,年,2.3,0,2.3,60.8,3.78,,0,3.78,'26/09/02,,'26/09/23
1377,4439,冠星-KY,09/04,96.2,0,0,2026,年,4.053,0,4.053,107.5,3.77,,0,3.77,'26/07/16,,'26/08/14
1378,4440,宜新實業,09/04,17.75,+0.2,+1.14,2026,年,1,0,1,18.35,5.45,,0,5.45,'26/03/19,,'26/04/24
1379,4441,振大環球,09/04,175,+3.5,+2.04,2026,年,10.8,0,10.8,196.5,5.5,,0,5.5,'26/08/20,,'26/09/16
1380,4442,竣邦-KY,09/04,50.3,-0.1,-0.2,2026,年,3.403,0,3.403,56,6.08,,0,6.08,'26/06/23,,'26/07/17
1381,4502,健信,09/04,15.7,+0.05,+0.32,2026,年,0,0,0,,0,,0,0,,,
1382,4503,金雨,09/04,23.7,+0.4,+1.72,2026,年,0,0,0,,0,,0,0,,,
1383,4506,崇友,09/04,121.5,-0.5,-0.41,2026,年,5.3,0,5.3,125,4.24,,0,4.24,'26/07/22,,'26/08/12
1384,4510,高鋒,09/04,47.55,+0.5,+1.06,2026,年,0,0,0,,0,,0,0,,,
1385,4513,福裕,09/04,16.05,+0.05,+0.31,2026,年,0,0,0,,0,,0,0,,,
1386,4523,永彰,09/04,23.7,-0.1,-0.42,2026,年,2.642,0,2.642,30.1,8.78,,0,8.78,'26/07/01,,'26/07/28
1387,4526,東台,09/04,32,+0.6,+1.91,2026,年,1,0,1,27.55,3.63,,0,3.63,'26/07/30,,'26/08/27
1388,4527,方土霖,09/04,40.8,+0.2,+0.49,2026,年,3,0,3,45.95,6.53,,0,6.53,'26/06/01,,'26/06/26
1389,4528,江興鍛,09/04,14.95,0,0,2026,年,0.2,0,0.2,17.2,1.16,,0,1.16,'26/04/16,,'26/05/20
1390,4529,淳紳,09/04,3.69,-0.09,-2.38,2026,年,0,0,0,,0,,0,0,,,
1391,4530,天意能創,09/04,27.95,+0.95,+3.52,2026,年,0,0,0,,0,,0,0,,,
1392,4532,瑞智,09/04,23.8,+0.1,+0.42,2026,年,1.5,0,1.5,25.95,5.78,,0,5.78,'26/04/10,,'26/05/08
1393,4533,協易機,09/04,25.7,+0.1,+0.39,2026,年,0.178,0,0.178,25.7,0.69,,0,0.69,'26/09/17,,'26/10/15
1394,4534,慶騰,09/04,29.9,+1,+3.46,2026,年,0,0,0,,0,,0,0,,,
1395,4535,至興,09/04,27.7,+0.2,+0.73,2026,年,0.8,0,0.8,27.3,2.93,,0,2.93,'26/07/02,,'26/07/28
1396,4536,拓凱,09/04,164.5,+1,+0.61,2026,半年,8,0,8,171,4.68,,0,4.68,'26/07/16,,'26/08/13
1397,4538,大詠城,09/04,17.75,+0.05,+0.28,2026,年,1,0,1,18.7,5.35,,0,5.35,'26/05/28,,'26/06/25
1398,4540,全球傳動,09/04,60.8,+1.3,+2.18,2026,年,0,0,0,,0,,0,0,,,
1399,4541,晟田,09/04,61.2,-1.6,-2.55,2026,年,1.4,0,1.4,48.65,2.88,,0,2.88,'26/06/30,,'26/08/04
1400,4542,科嶠,09/04,283.5,+4.5,+1.61,2026,年,0.935,0,0.935,172,0.54,,0,0.54,'26/04/09,,'26/05/12
1401,4543,萬在,09/04,29.95,-0.25,-0.83,2026,年,0.2,0.5,0.7,32.75,0.61,32.75,1.53,2.14,'26/08/25,'26/08/25,'26/09/29
1402,4545,銘鈺,09/04,31.8,+0.15,+0.47,2026,年,0.13,0,0.13,34.5,0.38,,0,0.38,'26/07/23,,'26/08/20
1403,4550,長佳,09/04,24,0,0,2026,年,1.22,0,1.22,25.95,4.7,,0,4.7,'26/06/16,,'26/07/09
1404,4551,智伸科,09/04,171.5,+10.5,+6.52,2026,年,4.2,0,4.2,160.5,2.62,,0,2.62,'26/07/30,,'26/08/28
1405,4552,力達-KY,09/04,16.5,-0.15,-0.9,2026,年,0.6,0,0.6,16.5,3.64,,0,3.64,'26/10/28,,'26/11/30
1406,4555,氣立,09/04,46.25,+1,+2.21,2026,年,0.5,0,0.5,57.1,0.88,,0,0.88,'26/06/02,,'26/06/29
1407,4556,旭然,09/04,72.9,+6.6,+9.95,2026,年,0.6,0,0.6,92.7,0.65,,0,0.65,'26/07/09,,'26/08/05
1408,4557,永新-KY,09/04,50.1,+0.55,+1.11,2026,年,2,0,2,49.55,4.04,,0,4.04,'26/06/24,,'26/07/27
1409,4558,寶緯,09/04,17.4,+0.1,+0.58,2026,年,0,0,0,,0,,0,0,,,
1410,4560,強信-KY,09/04,28.9,-0.55,-1.87,2026,年,2,0,2,33.8,5.92,,0,5.92,'26/07/20,,'26/08/10
1411,4561,健椿,09/04,43.5,+0.8,+1.87,2026,年,0.2,0,0.2,36.8,0.54,,0,0.54,'26/07/24,,'26/08/19
1412,4562,穎漢,09/04,30.35,+0.25,+0.83,2026,年,0,0,0,,0,,0,0,,,
1413,4563,百德,09/04,43.85,+0.25,+0.57,2026,年,0,0,0,,0,,0,0,,,
1414,4564,元翎,09/04,16.45,+0.35,+2.17,2026,年,0,0,0,,0,,0,0,,,
1415,4566,時碩工業,09/04,63.9,+1,+1.59,2026,年,0.683,0,0.683,58.1,1.18,,0,1.18,'26/04/09,,'26/05/13
1416,4568,科際精密,09/04,39.3,+0.1,+0.26,2026,年,1.98,0,1.98,40.35,4.91,,0,4.91,'26/07/16,,'26/08/07
1417,4569,六方科-KY,09/04,180,+7.5,+4.35,2026,年,3.25,0,3.25,167,1.95,,0,1.95,'26/08/12,,'26/09/10
1418,4571,鈞興-KY,09/04,161.5,+7,+4.53,2026,年,5.272,0,5.272,179,2.95,,0,2.95,'26/06/24,,'26/07/23
1419,4576,大銀微系統,09/04,238,+7,+3.03,2026,年,0.8,0,0.8,223,0.36,,0,0.36,'26/07/08,,'26/08/05
1420,4577,達航科技,09/04,87,0,0,2026,年,0,0,0,,0,,0,0,,,
1421,4580,捷流閥業,09/04,82.8,+0.2,+0.24,2026,年,4,0,4,82.4,4.85,,0,4.85,'26/08/11,,'26/09/03
1422,4581,光隆精密-KY,09/04,48,0,0,2026,年,3,0,3,51.5,5.83,,0,5.83,'26/08/12,,'26/09/09
1423,4582,聚恆-創,09/04,23.5,+0.1,+0.43,2026,年,0.794,0,0.794,23.35,3.4,,0,3.4,'26/08/26,,'26/09/11
1424,4583,台灣精銳,09/04,473.5,+11.5,+2.49,2026,年,10,0,10,679,1.47,,0,1.47,'26/03/27,,'26/04/28
1425,4584,君帆,09/04,38.7,0,0,2026,年,2,0,2,39.7,5.04,,0,5.04,'26/07/30,,'26/08/20
1426,4585,達明,09/04,294.5,+6.5,+2.26,2026,年,1,0,1,349.5,0.29,,0,0.29,'26/05/28,,'26/06/26
1427,4588,玖鼎電力,09/04,51.9,-0.9,-1.7,2026,年,3,0,3,58.7,5.11,,0,5.11,'26/07/14,,'26/08/14
1428,4590,富田-創,09/04,89.6,+0.5,+0.56,2026,年,2.3,0,2.3,91.5,2.51,,0,2.51,'26/07/09,,'26/08/05
1429,4609,唐鋒,09/04,4.25,0,0,2026,年,0,0,0,,0,,0,0,,,
1430,4702,中美實,09/04,9.39,-0.14,-1.47,2026,年,0.5,0,0.5,10.25,4.88,,0,4.88,'26/07/06,,'26/07/31
1431,4706,大恭,09/04,35.6,+3.2,+9.88,2026,年,0.3,0,0.3,32.6,0.92,,0,0.92,'26/08/27,,'26/09/23
1432,4707,磐亞,09/04,30.1,-0.3,-0.99,2026,年,0.25,0.25,0.5,34.65,0.72,34.65,0.72,1.44,'26/08/27,'26/08/27,'26/10/01
1433,4711,永純,09/04,16.6,0,0,2026,年,0.5,0,0.5,17.35,2.88,,0,2.88,'26/07/10,,'26/07/30
1434,4714,永捷,09/04,10.65,+0.05,+0.47,2026,半年,0,0,0,,0,,0,0,,,
1435,4720,德淵,09/04,18.6,+0.1,+0.54,2026,年,0.4,0,0.4,23.85,1.68,,0,1.68,'26/07/09,,'26/08/07
1436,4721,美琪瑪,09/04,71.8,-0.1,-0.14,2026,年,2.3,0,2.3,78.7,2.92,,0,2.92,'26/07/15,,'26/08/13
1437,4722,國精化,09/04,200.5,+5,+2.56,2026,年,1.184,0,1.184,306.5,0.39,,0,0.39,'26/06/30,,'26/07/30
1438,4726,永昕,09/04,23.95,0,0,2026,年,0,0,0,,0,,0,0,,,
1439,4728,雙美,09/04,398,-5,-1.24,2026,年,12.1,0,12.1,394,3.07,,0,3.07,'26/03/31,,'26/05/05
1440,4729,熒茂,09/04,19,0,0,2026,年,0,0,0,,0,,0,0,,,
1441,4735,豪展,09/04,37.65,-0.1,-0.26,2026,季,3,0,3,38.9,8.51,,0,8.51,'26/08/31,,'26/09/23
1442,4736,泰博,09/04,127,0,0,2026,年,5.071,1.014,6.085,139,3.65,139,0.73,4.38,'26/08/27,'26/08/27,'26/09/23
1443,4739,康普,09/04,83.6,+1.3,+1.58,2026,年,1,0,1,123.5,0.81,,0,0.81,'26/06/22,,'26/07/16
1444,4743,合一,09/04,44.65,-0.1,-0.22,2026,年,0,0,0,,0,,0,0,,,
1445,4744,皇將,09/04,27.35,-0.25,-0.91,2026,年,1,0,1,28.75,3.48,,0,3.48,'26/08/11,,'26/09/02
1446,4745,合富-KY,09/04,11.85,+0.1,+0.85,2026,年,0,0,0,,0,,0,0,,,
1447,4746,台耀,09/04,45.35,-0.65,-1.41,2026,年,3,0,3,53.9,5.57,,0,5.57,'26/08/24,,'26/09/24
1448,4747,強生*,09/04,24.85,0,0,2026,年,1.05,0,1.05,50.2,2.09,,0,2.09,'26/07/06,,'26/07/29
1449,4749,新應材,09/04,776,+17,+2.24,2026,年,8,0,8,925,0.86,,0,0.86,'26/06/11,,'26/07/08
1450,4754,國碳科,09/04,38.5,-0.15,-0.39,2026,年,2.3,0,2.3,39.35,5.84,,0,5.84,'26/06/18,,'26/07/15
1451,4755,三福化,09/04,118,+2,+1.72,2026,季,3.7,0,3.7,139.5,2.65,,0,2.65,'26/07/01,,
1452,4763,材料*-KY,09/04,50.3,+1.2,+2.44,2026,半年,3.05,0,3.05,50.3,6.06,,0,6.06,'26/09/16,,'26/10/14
1453,4764,雙鍵,09/04,231.5,+14,+6.44,2026,半年,1,0,1,222,0.45,,0,0.45,'26/04/23,,'26/05/29
1454,4766,南寶,09/04,346,+4,+1.17,2026,季,18,0,18,372,4.84,,0,4.84,'26/06/23,,
1455,4767,誠泰科技,09/04,29.5,+0.75,+2.61,2026,年,1.1,0,1.1,27.5,4,,0,4,'26/07/27,,'26/08/21
1456,4770,上品,09/04,226.5,+9.5,+4.38,2026,年,6,0,6,216.5,2.77,,0,2.77,'26/04/01,,'26/04/30
1457,4771,望隼,09/04,208.5,-1,-0.48,2026,年,6.972,0,6.972,194.5,3.58,,0,3.58,'26/07/24,,'26/08/14
1458,4772,台特化,09/04,248,+1,+0.4,2026,年,3,0,3,283,1.06,,0,1.06,'26/07/07,,'26/08/05
1459,4806,桂田文創,09/04,8.99,-0.11,-1.21,2026,年,0,0,0,,0,,0,0,,,
1460,4807,日成-KY,09/04,28.55,+1,+3.63,2026,年,0,0,0,,0,,0,0,,,
1461,4903,聯光通,09/04,36.95,-0.3,-0.81,2026,年,0.3,0,0.3,36.95,0.81,,0,0.81,,,
1462,4904,遠傳,09/04,104,+0.5,+0.48,2026,年,3.809,0,3.809,103,3.7,,0,3.7,'26/07/08,,'26/08/05
1463,4905,台聯電,09/04,85.9,+0.1,+0.12,2026,年,1.5,0,1.5,90.1,1.66,,0,1.66,'26/08/31,,'26/09/24
1464,4906,正文,09/04,36.9,+1.4,+3.94,2026,年,0.473,0,0.473,43.8,1.08,,0,1.08,'26/06/22,,'26/07/14
1465,4907,富宇,09/04,47.2,-0.05,-0.11,2026,年,1.5,0,1.5,48.7,3.08,,0,3.08,'26/08/25,,'26/09/24
1466,4908,前鼎,09/04,224.5,+20,+9.78,2026,年,1,0,1,152.5,0.66,,0,0.66,'26/08/20,,'26/09/18
1467,4909,新復興,09/04,36.9,-0.15,-0.4,2026,年,0,0,0,,0,,0,0,,,
1468,4915,致伸,09/04,60.8,+1.2,+2.01,2026,年,4.569,0,4.569,73.5,6.22,,0,6.22,'26/06/29,,'26/07/21
1469,4916,事欣科,09/04,97.3,+0.6,+0.62,2026,年,0.499,0,0.499,90.2,0.55,,0,0.55,'26/07/30,,'26/08/20
1470,4919,新唐,09/04,120,+5,+4.35,2026,年,0,0,0,,0,,0,0,,,
1471,4923,力士,09/04,51.5,+1.1,+2.18,2026,半年,0,0,0,,0,,0,0,,,
1472,4924,欣厚-KY,09/04,11.95,+1.05,+9.63,2026,半年,0,0,0,,0,,0,0,,,
1473,4927,泰鼎-KY,09/04,41.9,+1.35,+3.33,2026,年,0,0,0,,0,,0,0,,,
1474,4930,燦星網,09/04,16.15,+0.05,+0.31,2026,年,0.6,0,0.6,20,3,,0,3,'26/03/26,,'26/04/24
1475,4931,新盛力,09/04,251,+11.5,+4.8,2026,年,2.5,0,2.5,236,1.06,,0,1.06,'26/07/02,,'26/07/30
1476,4933,友輝,09/04,54,-0.4,-0.74,2026,年,2.887,0,2.887,58.3,4.95,,0,4.95,'26/07/23,,'26/08/24
1477,4934,太極,09/04,13.9,+0.25,+1.83,2026,年,0,0,0,,0,,0,0,,,
1478,4935,茂林-KY,09/04,33.3,-0.25,-0.75,2026,年,1,0,1,38.75,2.58,,0,2.58,'26/06/25,,'26/07/24
1479,4938,和碩,09/04,95.4,+5,+5.53,2026,年,4.009,0,4.009,93.1,4.31,,0,4.31,'26/06/15,,'26/07/09
1480,4939,亞電,09/04,87.9,+6.4,+7.85,2026,年,0.25,0,0.25,53.4,0.47,,0,0.47,'26/06/04,,'26/07/02
1481,4942,嘉彰,09/04,33.1,+0.05,+0.15,2026,年,2,0,2,36.65,5.46,,0,5.46,'26/07/29,,'26/08/26
1482,4943,康控-KY,09/04,7.11,-0.79,-10,2026,年,0,0,0,,0,,0,0,,,
1483,4946,辣椒,09/04,89,-1.1,-1.22,2026,年,0,0,0,,0,,0,0,,,
1484,4949,有成精密,09/04,77.8,+0.3,+0.39,2026,年,1.4,0,1.4,61,2.3,,0,2.3,'26/03/25,,'26/04/20
1485,4950,金耘國際,09/04,16,-0.3,-1.84,2026,年,0,0,0,,0,,0,0,,,
1486,4951,精拓科,09/04,80,+1.8,+2.3,2026,年,4.5,0,4.5,119.5,3.77,,0,3.77,'26/06/05,,'26/07/02
1487,4952,凌通,09/04,50.6,+0.4,+0.8,2026,年,1,0,1,58,1.72,,0,1.72,'26/06/24,,'26/07/21
1488,4953,緯致,09/04,120,+1,+0.84,2026,年,5.141,0,5.141,125,4.11,,0,4.11,'26/06/30,,'26/07/24
1489,4956,光鋐,09/04,37.65,+2.85,+8.19,2026,年,0,0,0,,0,,0,0,,,
1490,4958,臻鼎-KY,09/04,463,-1,-0.22,2026,年,3.422,0,3.422,504,0.68,,0,0.68,'26/06/08,,'26/07/14
1491,4960,誠美材,09/04,21.1,+0.3,+1.44,2026,半年,0,0,0,,0,,0,0,,,
1492,4961,天鈺,09/04,165.5,-0.5,-0.3,2026,年,7.72,0,7.72,165,4.68,,0,4.68,'26/07/01,,'26/07/24
1493,4966,譜瑞-KY,09/04,569,+11,+1.97,2026,半年,17.79,0,17.79,582,3.37,,0,3.37,'26/08/20,,'26/09/18
1494,4967,十銓,09/04,276,+3.5,+1.28,2026,年,8.62,0,8.62,275,3.13,,0,3.13,'26/08/17,,'26/09/18
1495,4968,立積,09/04,91,+0.6,+0.66,2026,年,1.6,0,1.6,111.5,1.43,,0,1.43,'26/07/10,,'26/08/07
1496,4971,IET-KY,09/04,624,+13,+2.13,2026,年,0.847,0,0.847,402,0.21,,0,0.21,'26/07/27,,'26/10/27
1497,4972,湯石照明,09/04,16.6,-0.1,-0.6,2026,年,0,0,0,,0,,0,0,,,
1498,4973,廣穎,09/04,149.5,+3,+2.05,2026,年,1,0,1,78.1,1.28,,0,1.28,'26/04/16,,'26/05/22
1499,4974,亞泰,09/04,71.9,+1.6,+2.28,2026,年,3.9,0,3.9,76.4,5.1,,0,5.1,'26/06/16,,'26/07/10
1500,4976,佳凌,09/04,38.3,+0.6,+1.59,2026,年,0,0,0,,0,,0,0,,,
1501,4977,眾達-KY,09/04,185,+12.5,+7.25,2026,年,2.182,0,2.182,134,1.63,,0,1.63,'26/07/22,,'26/08/18
1502,4979,華星光,09/04,629,+57,+9.97,2026,年,2.153,0,2.153,419,0.51,,0,0.51,'26/07/14,,'26/08/12
1503,4989,榮科,09/04,61.1,+0.6,+0.99,2026,季,0,0,0,,0,,0,0,,,
1504,4991,環宇-KY,09/04,497,+12.5,+2.58,2026,年,0,0,0,,0,,0,0,,,
1505,4994,傳奇,09/04,81.7,-0.2,-0.24,2026,年,3,0,3,90,3.33,,0,3.33,'26/06/09,,'26/07/06
1506,4995,晶達,09/04,50.1,-0.3,-0.6,2026,年,1.993,0,1.993,47.65,4.18,,0,4.18,'26/05/27,,'26/06/18
1507,4999,鑫禾,09/04,18.45,+0.05,+0.27,2026,年,0.25,0,0.25,20.05,1.25,,0,1.25,'26/07/13,,'26/08/07
1508,5007,三星,09/04,56.4,+0.6,+1.08,2026,年,3,0,3,58.2,5.15,,0,5.15,'26/04/01,,'26/04/23
1509,5009,榮剛,09/04,33.2,-0.15,-0.45,2026,季,1.2,0,1.2,33.2,3.61,,0,3.61,'26/06/29,,'26/07/17
1510,5011,久陽,09/04,18.25,-0.2,-1.08,2026,年,0,0,0,,0,,0,0,,,
1511,5013,強新,09/04,29,+0.8,+2.84,2026,年,0.7,0,0.7,29.8,2.35,,0,2.35,'26/08/31,,'26/10/01
1512,5014,建錩,09/04,10.05,0,0,2026,年,0.5,0,0.5,10.95,4.57,,0,4.57,'26/08/03,,'26/08/24
1513,5015,華祺,09/04,22.05,0,0,2026,年,0.5,0,0.5,22.45,2.23,,0,2.23,'26/07/07,,'26/07/31
1514,5016,松和,09/04,24.8,0,0,2026,年,1,0,1,25.25,3.96,,0,3.96,'26/06/29,,'26/07/23
1515,5201,凱衛,09/04,26.85,+0.95,+3.67,2026,年,0.5,0,0.5,28.25,1.77,,0,1.77,'26/06/17,,'26/07/13
1516,5202,力新,09/04,11.8,-0.05,-0.42,2026,年,0.2,0,0.2,12.05,1.66,,0,1.66,'26/08/27,,'26/09/24
1517,5203,訊連,09/04,58.8,0,0,2026,年,3.693,0,3.693,65.8,5.61,,0,5.61,'26/08/12,,'26/08/31
1518,5205,中茂,09/04,20.6,0,0,2026,年,0,0,0,,0,,0,0,,,
1519,5209,新鼎,09/04,154.5,+0.5,+0.32,2026,年,12.95,0,12.95,172,7.53,,0,7.53,'26/07/03,,'26/07/24
1520,5210,寶碩,09/04,28.95,+0.3,+1.05,2026,年,0,0,0,,0,,0,0,,,
1521,5211,蒙恬,09/04,19.3,+0.1,+0.52,2026,年,0,0,0,,0,,0,0,,,
1522,5212,凌網,09/04,46.4,0,0,2026,年,4.2,0,4.2,57.7,7.28,,0,7.28,'26/04/08,,'26/05/13
1523,5215,科嘉-KY,09/04,38.95,-0.15,-0.38,2026,年,2,0,2,44.1,4.54,,0,4.54,'26/07/09,,'26/08/07
1524,5220,萬達光電,09/04,19.6,-0.05,-0.25,2026,年,0.3,0,0.3,20.95,1.43,,0,1.43,'26/07/02,,'26/07/30
1525,5223,安力-KY,09/04,23.45,-0.05,-0.21,2026,年,0,0,0,,0,,0,0,,,
1526,5225,東科-KY,09/04,57.4,-3.6,-5.9,2026,年,7.21,0,7.21,90,8.01,,0,8.01,'26/03/27,,'26/04/23
1527,5227,立凱-KY,09/04,29.95,-0.25,-0.83,2026,年,0,0,0,,0,,0,0,,,
1528,5228,鈺鎧,09/04,41.7,+2.6,+6.65,2026,年,0,0,0,,0,,0,0,,,
1529,5230,雷笛克光學,09/04,17.7,-0.1,-0.56,2026,年,0.5,0,0.5,20.5,2.44,,0,2.44,'26/06/24,,'26/07/17
1530,5234,達興材料,09/04,293,+3.5,+1.21,2026,年,6.5,0,6.5,392,1.66,,0,1.66,'26/03/20,,'26/04/21
1531,5243,乙盛-KY,09/04,90,+1.7,+1.93,2026,年,2.2,0,2.2,90,2.44,,0,2.44,'26/09/14,,'26/10/12
1532,5244,弘凱,09/04,35,+0.1,+0.29,2026,年,0.4,0,0.4,37.1,1.08,,0,1.08,'26/06/26,,'26/07/23
1533,5245,智晶,09/04,22.85,0,0,2026,年,0,0,0,,0,,0,0,,,
1534,5251,天鉞電,09/04,26.05,0,0,2026,年,0,0,0,,0,,0,0,,,
1535,5258,虹堡,09/04,45.75,+0.65,+1.44,2026,年,1,0,1,45.75,2.19,,0,2.19,,,
1536,5263,智崴,09/04,103,+4.7,+4.78,2026,年,0,0,0,,0,,0,0,,,
1537,5269,祥碩,09/04,1430,-10,-0.69,2026,年,45.38,0,45.38,1470,3.09,,0,3.09,'26/07/21,,'26/08/14
1538,5272,笙科,09/04,16.9,0,0,2026,年,0,0,0,,0,,0,0,,,
1539,5274,信驊,09/04,17470,-380,-2.13,2026,年,80,1,81,17425,0.46,16270,0.01,0.47,'26/06/26,'26/07/07,'26/07/31
1540,5276,達輝-KY,09/04,18.3,+0.2,+1.1,2026,年,0.8,0,0.8,19.2,4.17,,0,4.17,'26/07/21,,'26/08/12
1541,5278,尚凡*,09/04,24.2,-0.1,-0.41,2026,季,1.464,0,1.464,24.2,5.87,,0,5.87,'26/09/14,,'26/10/15
1542,5284,jpp-KY,09/04,330,+7,+2.17,2026,半年,5,0,5,343,1.46,,0,1.46,'26/07/09,,
1543,5285,界霖,09/04,87.3,+1,+1.16,2026,年,1.5,0,1.5,110,1.36,,0,1.36,'26/06/25,,'26/07/23
1544,5287,數字,09/04,135.5,-0.5,-0.37,2026,半年,11.4,0.9,12.3,154,7.15,154,0.58,7.73,'26/08/27,'26/08/27,'26/10/02
1545,5288,豐祥-KY,09/04,189,+2,+1.07,2026,半年,6.503,0,6.503,191.5,3.4,,0,3.4,'26/08/06,,'26/09/04
1546,5291,邑昇,09/04,67,-1.7,-2.47,2026,年,0,0,0,,0,,0,0,,,
1547,5299,杰力,09/04,97.3,+2.6,+2.75,2026,年,3.66,0,3.66,115.5,3.17,,0,3.17,'26/07/14,,'26/08/07
1548,5301,寶得利,09/04,5.22,-0.33,-5.95,2026,年,0,0,0,,0,,0,0,,,
1549,5302,太欣,09/04,10.3,+0.1,+0.98,2026,年,0,0,0,,0,,0,0,,,
1550,5306,桂盟,09/04,92.6,-1.9,-2.01,2026,季,4.236,0,4.236,92.6,4.7,,0,4.7,'26/09/17,,'26/10/16
1551,5309,系統電,09/04,52,+1.3,+2.56,2026,年,0.499,0,0.499,78.6,0.63,,0,0.63,'26/06/03,,'26/06/30
1552,5310,天剛,09/04,24.1,0,0,2026,年,0,0,0,,0,,0,0,,,
1553,5312,寶島科,09/04,91.6,-0.3,-0.33,2026,年,6.5,0,6.5,96.6,6.73,,0,6.73,'26/06/25,,'26/07/22
1554,5314,世紀*,09/04,32,+1,+3.23,2026,年,0.2,1.579,1.779,32,0.62,61.3,2.58,3.2,,'26/08/14,
1555,5315,光聯,09/04,18.75,0,0,2026,年,1.6,0,1.6,23,6.96,,0,6.96,'26/07/03,,'26/07/30
1556,5321,美而快,09/04,79.4,+3,+3.93,2026,年,0,0,0,,0,,0,0,,,
1557,5324,士開,09/04,12.25,-0.05,-0.41,2026,年,0,0,0,,0,,0,0,,,
1558,5328,華容,09/04,61,+2,+3.39,2026,年,0.35,0,0.35,61,0.57,,0,0.57,'26/09/10,,'26/10/14
1559,5340,建榮,09/04,79.2,+0.1,+0.13,2026,年,0.6,0,0.6,92,0.65,,0,0.65,'26/06/10,,'26/07/08
1560,5344,立衛,09/04,13.75,+0.2,+1.48,2026,年,0,0,0,,0,,0,0,,,
1561,5345,馥鴻,09/04,21.9,+0.2,+0.92,2026,年,0,0,0,,0,,0,0,,,
1562,5347,世界,09/04,150,+3,+2.04,2026,年,4.474,0,4.474,193.5,2.31,,0,2.31,'26/07/06,,'26/07/30
1563,5348,正能量智能,09/04,16.65,-0.2,-1.19,2026,年,0,0,0,,0,,0,0,,,
1564,5351,鈺創,09/04,112.5,+2.5,+2.27,2026,年,0,0,0,,0,,0,0,,,
1565,5353,台林,09/04,28,+0.05,+0.18,2026,年,0.999,0,0.999,31.8,3.14,,0,3.14,'26/07/02,,'26/07/30
1566,5355,佳總,09/04,5.95,-0.04,-0.67,2026,年,0,0,0,,0,,0,0,,,
1567,5356,協益,09/04,26.05,+0.15,+0.58,2026,年,2,0,2,27.85,7.18,,0,7.18,'26/07/08,,'26/07/30
1568,5364,力麗店,09/04,8.39,-0.03,-0.36,2026,年,0,0,0,,0,,0,0,,,
1569,5381,光譜,09/04,24.65,-0.4,-1.6,2026,年,0,0,0,,0,,0,0,,,
1570,5388,中磊,09/04,75.6,+0.5,+0.67,2026,年,2.5,0,2.5,81.6,3.06,,0,3.06,'26/04/09,,'26/05/14
1571,5398,慕康生醫,09/04,14.2,-0.05,-0.35,2026,年,0,0,0,,0,,0,0,,,
1572,5403,中菲,09/04,93.8,+0.5,+0.54,2026,年,6.5,0,6.5,107,6.07,,0,6.07,'26/03/26,,'26/04/30
1573,5410,國眾,09/04,36.1,+0.25,+0.7,2026,年,2.075,0,2.075,35.2,5.89,,0,5.89,'26/07/30,,'26/08/26
1574,5425,台半,09/04,92.9,+1.7,+1.86,2026,年,2.022,0,2.022,85,2.38,,0,2.38,'26/07/27,,'26/08/21
1575,5426,振發,09/04,28.8,+0.6,+2.13,2026,年,0.3,0,0.3,28.8,1.04,,0,1.04,'26/09/15,,'26/10/20
1576,5432,新門,09/04,155,+2,+1.31,2026,半年,1.5,0,1.5,141,1.06,,0,1.06,'26/07/13,,'26/07/28
1577,5434,崇越,09/04,538,+11,+2.09,2026,年,13.42,0,13.42,556,2.41,,0,2.41,'26/07/16,,'26/08/12
1578,5438,東友,09/04,16.65,+0.05,+0.3,2026,半年,0.75,0,0.75,18.95,3.96,,0,3.96,'26/06/29,,'26/07/24
1579,5439,高技,09/04,261.5,+0.5,+0.19,2026,年,7.2,0,7.2,256.5,2.81,,0,2.81,'26/07/22,,'26/08/14
1580,5443,均豪,09/04,112.5,+2.5,+2.27,2026,年,2.2,0,2.2,104,2.12,,0,2.12,'26/06/17,,'26/07/10
1581,5450,南良,09/04,14.75,+0.15,+1.03,2026,年,0.25,0,0.25,14.25,1.75,,0,1.75,'26/08/04,,'26/09/04
1582,5452,佶優,09/04,27.1,+0.35,+1.31,2026,年,0.25,0,0.25,32.15,0.78,,0,0.78,'26/07/09,,'26/07/30
1583,5455,昇益,09/04,30,-0.05,-0.17,2026,年,0,0,0,,0,,0,0,,,
1584,5457,宣德,09/04,27.65,-0.05,-0.18,2026,年,1.5,0,1.5,28.65,5.24,,0,5.24,'26/07/30,,'26/08/25
1585,5460,同協,09/04,16.25,+0.2,+1.25,2026,年,0,0,0,,0,,0,0,,,
1586,5464,霖宏,09/04,69.5,+0.5,+0.72,2026,年,0,0,0,,0,,0,0,,,
1587,5465,富驊,09/04,24.3,-0.15,-0.61,2026,年,1.2,0,1.2,24.85,4.83,,0,4.83,'26/07/14,,'26/08/19
1588,5468,凱鈺,09/04,24.7,+0.25,+1.02,2026,年,0,0,0,,0,,0,0,,,
1589,5469,瀚宇博,09/04,71.6,+0.4,+0.56,2026,年,2.521,0,2.521,83.5,3.02,,0,3.02,'26/07/09,,'26/07/30
1590,5471,松翰,09/04,61.1,+1.2,+2,2026,年,0.8,0,0.8,65,1.23,,0,1.23,'26/07/14,,'26/08/07
1591,5474,聰泰,09/04,149,+3,+2.05,2026,年,4,0,4,168,2.38,,0,2.38,'26/07/01,,'26/07/24
1592,5475,德宏,09/04,190,+7.5,+4.11,2026,年,0,0,0,,0,,0,0,,,
1593,5478,智冠,09/04,98,0,0,2026,季,7.5,0,7.5,110,6.82,,0,6.82,'26/03/24,,'26/04/17
1594,5481,新華,09/04,20.2,0,0,2026,年,0,0,0,,0,,0,0,,,
1595,5483,中美晶,09/04,183.5,+7.5,+4.26,2026,半年,3.5,0,3.5,234,1.87,,0,1.87,'26/07/23,,'26/08/21
1596,5484,慧友,09/04,39.5,+0.4,+1.02,2026,年,0,0,0,,0,,0,0,,,
1597,5487,通泰,09/04,29.45,+0.3,+1.03,2026,年,0,0,0,,0,,0,0,,,
1598,5488,松普,09/04,12.1,+0.25,+2.11,2026,年,0.06,0,0.06,14.55,0.41,,0,0.41,'26/07/24,,'26/08/20
1599,5489,彩富,09/04,41.4,+0.3,+0.73,2026,年,1.515,0,1.515,44.4,3.41,,0,3.41,'26/08/19,,'26/09/15
1600,5490,同亨,09/04,26.5,-0.3,-1.12,2026,年,1.5,0,1.5,28.85,5.2,,0,5.2,'26/07/02,,'26/07/28
1601,5493,三聯,09/04,84.4,+0.3,+0.36,2026,半年,2.7,0,2.7,88.8,3.04,,0,3.04,'26/07/13,,'26/08/07
1602,5498,凱崴,09/04,53.4,+0.5,+0.95,2026,年,0.25,0,0.25,53.4,0.47,,0,0.47,'26/09/17,,'26/10/15
1603,5508,永信建,09/04,55.1,+0.9,+1.66,2026,年,2.776,0,2.776,53.4,5.2,,0,5.2,'26/07/22,,'26/08/12
1604,5511,德昌,09/04,69.3,-0.7,-1,2026,年,3.6,1.989,5.589,79.7,4.52,79.7,2.5,7.01,'26/07/09,'26/07/09,'26/08/06
1605,5512,力麒,09/04,7.77,-0.02,-0.26,2026,年,0.1,0,0.1,7.77,1.29,,0,1.29,,,
1606,5515,建國,09/04,52.5,-0.4,-0.76,2026,年,3.3,0,3.3,41.55,7.94,,0,7.94,'26/06/25,,'26/07/23
1607,5516,雙喜,09/04,12,+0.2,+1.69,2026,年,0,0,0,,0,,0,0,,,
1608,5519,隆大,09/04,27.35,+0.1,+0.37,2026,年,3.3,0.5,3.8,34.45,9.58,34.45,1.45,11,'26/07/10,'26/07/10,'26/08/14
1609,5520,力泰,09/04,82.8,0,0,2026,年,7,0,7,88.1,7.95,,0,7.95,'26/03/26,,'26/04/20
1610,5521,工信,09/04,10.6,+0.05,+0.47,2026,年,0.15,0,0.15,10.4,1.44,,0,1.44,'26/06/25,,'26/07/24
1611,5522,遠雄,09/04,64,+0.2,+0.31,2026,半年,5.5,0,5.5,71.5,7.69,,0,7.69,'26/06/25,,'26/07/17
1612,5523,豐謙,09/04,30.35,0,0,2026,年,0.5,0,0.5,30.35,1.65,,0,1.65,'26/11/05,,'26/12/04
1613,5529,鉅陞,09/04,24.4,+0.5,+2.09,2026,年,0,0.386,0.386,,0,22.8,1.69,1.69,,'26/05/28,
1614,5530,龍巖,09/04,50,+0.2,+0.4,2026,年,0,0,0,,0,,0,0,,,
1615,5531,鄉林,09/04,7.34,-0.13,-1.74,2026,年,0,0,0,,0,,0,0,,,
1616,5533,皇鼎,09/04,13.95,+0.05,+0.36,2026,年,0.6,0,0.6,14.1,4.26,,0,4.26,'26/07/09,,'26/08/05
1617,5534,長虹,09/04,76.6,0,0,2026,年,5.064,0,5.064,80.2,6.31,,0,6.31,'26/08/25,,'26/09/29
1618,5536,聖暉*,09/04,853,+36,+4.41,2026,半年,20,0,20,1430,1.7,,0,1.7,'26/07/06,,'26/07/24
1619,5538,東明-KY,09/04,36.9,+0.25,+0.68,2026,年,1.5,0,1.5,33.9,4.42,,0,4.42,'26/07/06,,'26/08/04
1620,5543,桓鼎-KY,09/04,28.1,-0.7,-2.43,2026,年,0,0,0,,0,,0,0,,,
1621,5546,永固-KY,09/04,14.8,0,0,2026,年,1,0,1,15.85,6.31,,0,6.31,'26/07/27,,'26/08/25
1622,5601,台聯櫃,09/04,30.35,-0.15,-0.49,2026,年,0.38,0,0.38,32.75,1.16,,0,1.16,'26/06/22,,'26/07/17
1623,5603,陸海,09/04,13.95,-0.05,-0.36,2026,年,0.5,0,0.5,15.2,3.29,,0,3.29,'26/08/25,,'26/09/16
1624,5604,中連,09/04,31.35,+0.4,+1.29,2026,年,2,0,2,39.15,5.11,,0,5.11,'26/02/23,,'26/03/11
1625,5608,四維航,09/04,17.2,-0.25,-1.43,2026,年,0,0,0,,0,,0,0,,,
1626,5609,中菲行,09/04,78,+0.2,+0.26,2026,年,5.6,0,5.6,82.4,6.8,,0,6.8,'26/06/17,,'26/07/15
1627,5701,劍湖山,09/04,4.24,-0.06,-1.4,2026,年,0,0,0,,0,,0,0,,,
1628,5703,亞都,09/04,13.85,0,0,2026,年,0,0,0,,0,,0,0,,,
1629,5704,老爺知,09/04,23.2,-0.2,-0.85,2026,年,0,0,0,,0,,0,0,,,
1631,5876,上海商銀,09/04,46.3,+0.35,+0.76,2026,年,1.8,0.1,1.9,47,3.83,47,0.21,4.04,'26/07/28,'26/07/28,'26/08/20
1632,5878,台名,09/04,38.55,0,0,2026,年,2.4,0,2.4,41.7,5.76,,0,5.76,'26/06/04,,'26/06/24
1633,5902,德記,09/04,34.4,0,0,2026,年,1.65,0,1.65,36.5,4.52,,0,4.52,'26/06/17,,'26/07/10
1634,5903,全家,09/04,185,+0.5,+0.27,2026,年,6.5,0,6.5,189,3.44,,0,3.44,'26/08/05,,'26/09/08
1635,5905,南仁湖,09/04,7.68,-0.02,-0.26,2026,年,0,0,0,,0,,0,0,,,
1636,5907,大洋-KY,09/04,4.95,+0.04,+0.81,2026,年,0,0,0,,0,,0,0,,,
1637,6005,群益證,09/04,32.75,+0.4,+1.24,2026,年,0.4,1.31,1.71,33.8,1.18,33.8,3.88,5.06,'26/08/11,'26/08/11,'26/09/15
1638,6015,宏遠證,09/04,16.8,+0.4,+2.44,2026,年,0.55,0,0.55,13.6,4.04,,0,4.04,'26/04/16,,'26/05/15
1639,6020,大展證,09/04,20.9,0,0,2026,年,0.273,0,0.273,19.3,1.41,,0,1.41,'26/03/26,,'26/04/21
1640,6021,美好證,09/04,40.25,+0.9,+2.29,2026,半年,3.001,0,3.001,31,8.94,,0,8.94,'26/04/16,,'26/05/22
1641,6023,元大期,09/04,86.4,+0.3,+0.35,2026,年,4,1.5,5.5,106,3.77,106,1.42,5.19,'26/07/17,'26/07/17,'26/08/07
1642,6024,群益期,09/04,63.4,+0.4,+0.63,2026,年,2.8,0.67,3.47,62.9,4.45,62.9,1.07,5.52,'26/07/31,'26/07/31,'26/09/04
1643,6026,福邦證,09/04,15.15,+0.1,+0.66,2026,年,1.364,0,1.364,16.5,8.27,,0,8.27,'26/06/30,,'26/07/22
1644,6101,寬魚國際,09/04,37.95,+0.25,+0.66,2026,年,0,0,0,,0,,0,0,,,
1645,6103,合邦,09/04,37.2,-3.8,-9.27,2026,年,0,0,0,,0,,0,0,,,
1646,6104,創惟,09/04,97,+1.7,+1.78,2026,年,4.5,0,4.5,92.2,4.88,,0,4.88,'26/04/09,,'26/05/07
1647,6108,競國,09/04,22.95,-0.1,-0.43,2026,年,1,0,1,22.95,4.36,,0,4.36,'26/10/07,,'26/10/21
1648,6109,亞元,09/04,10.95,+0.05,+0.46,2026,年,0,0,0,,0,,0,0,,,
1649,6111,光聚晶電,09/04,37.85,+0.45,+1.2,2026,年,0,0,0,,0,,0,0,,,
1650,6112,邁達特,09/04,45.9,+0.95,+2.11,2026,年,1.65,0,1.65,43.65,3.78,,0,3.78,'26/07/16,,'26/08/14
1651,6113,亞矽,09/04,23.15,+0.25,+1.09,2026,年,0,0,0,,0,,0,0,,,
1652,6114,久威,09/04,25.25,+0.5,+2.02,2026,年,0.5,0,0.5,26.85,1.86,,0,1.86,'26/07/29,,'26/08/19
1653,6115,鎰勝,09/04,44.5,+0.55,+1.25,2026,年,2.8,0,2.8,48.2,5.81,,0,5.81,'26/07/09,,'26/08/05
1654,6116,彩晶,09/04,14.05,+0.15,+1.08,2026,年,0,0,0,,0,,0,0,,,
1655,6117,迎廣,09/04,64,0,0,2026,年,1.999,0,1.999,66.8,2.99,,0,2.99,'26/08/13,,'26/08/31
1656,6118,建達,09/04,15.2,+0.05,+0.33,2026,年,0,0,0,,0,,0,0,,,
1657,6120,達運,09/04,12.3,-0.1,-0.81,2026,年,0.25,0,0.25,15.05,1.66,,0,1.66,'26/06/22,,'26/07/09
1658,6121,新普,09/04,397,+2.5,+0.63,2026,半年,12.3,0,12.3,420.5,2.93,,0,2.93,'26/07/13,,'26/08/05
1659,6122,擎邦,09/04,51.3,-0.6,-1.16,2026,年,3.4,0,3.4,50.3,6.76,,0,6.76,'26/08/03,,'26/08/25
1660,6123,上奇,09/04,43.6,-0.1,-0.23,2026,季,3.6,0,3.6,45.8,7.97,,0,7.97,'26/06/16,,'26/07/15
1661,6124,業強,09/04,27.15,+0.5,+1.88,2026,年,0,0,0,,0,,0,0,,,
1662,6125,廣運,09/04,51.5,-0.4,-0.77,2026,年,0.5,0,0.5,49.1,1.02,,0,1.02,'26/08/06,,'26/08/31
1663,6126,信音,09/04,29.15,0,0,2026,年,0.598,0,0.598,30.2,1.98,,0,1.98,'26/09/03,,'26/10/08
1664,6127,九豪,09/04,49.05,+2.2,+4.7,2026,年,0,0,0,,0,,0,0,,,
1665,6128,上福,09/04,19.75,-0.1,-0.5,2026,年,0.5,0,0.5,20.9,2.39,,0,2.39,'26/04/16,,'26/05/08
1666,6130,上亞科技,09/04,26.1,-0.35,-1.32,2026,年,0,0,0,,0,,0,0,,,
1667,6133,金橋,09/04,23.75,0,0,2026,年,1,0,1,23.75,4.21,,0,4.21,'26/09/09,,'26/10/08
1668,6134,萬旭,09/04,29.3,+0.7,+2.45,2026,年,0.2,0,0.2,26.3,0.76,,0,0.76,'26/08/05,,'26/08/28
1669,6136,富爾特,09/04,24.85,+0.2,+0.81,2026,年,1.16,0,1.16,25.2,4.6,,0,4.6,'26/07/02,,'26/07/30
1670,6138,茂達,09/04,286.5,+6.5,+2.32,2026,年,10.95,0,10.95,257.5,4.25,,0,4.25,'26/07/31,,'26/08/28
1671,6139,亞翔,09/04,736,+24,+3.37,2026,年,23,0,23,770,2.99,,0,2.99,'26/09/02,,'26/09/30
1672,6141,柏承,09/04,52.5,+0.8,+1.55,2026,年,0,0,0,,0,,0,0,,,
1673,6142,友勁,09/04,8.81,+0.16,+1.85,2026,年,0,0,0,,0,,0,0,,,
1674,6143,振曜,09/04,87.5,-0.5,-0.57,2026,年,6,0,6,99.9,6.01,,0,6.01,'26/04/10,,'26/05/06
1675,6144,得利影,09/04,13.3,+0.1,+0.76,2026,年,0,0,0,,0,,0,0,,,
1676,6146,耕興,09/04,182.5,-2.5,-1.35,2026,半年,17.5,0,17.5,192.5,8.46,,0,8.46,'26/09/03,,'26/10/08
1677,6147,頎邦,09/04,182.5,-6.5,-3.44,2026,年,2.8,0,2.8,227.5,1.23,,0,1.23,'26/06/17,,'26/07/15
1678,6148,驊宏資,09/04,28.65,+0.9,+3.24,2026,季,1.23,0,1.23,34.45,3.57,,0,3.57,'26/04/01,,'26/05/04
1679,6150,撼訊,09/04,60.6,+0.1,+0.17,2026,年,0.6,0,0.6,62.3,0.96,,0,0.96,'26/07/16,,'26/08/07
1680,6151,晉倫,09/04,35.3,+0.05,+0.14,2026,年,1.5,0,1.5,31.15,4.82,,0,4.82,'26/03/26,,'26/04/27
1681,6152,百一,09/04,13.8,+0.25,+1.85,2026,年,0,0,0,,0,,0,0,,,
1682,6153,嘉聯益,09/04,17.65,+0.45,+2.62,2026,年,0,0,0,,0,,0,0,,,
1683,6154,順發,09/04,14.05,-0.05,-0.35,2026,年,0.51,0,0.51,14.2,3.59,,0,3.59,'26/06/17,,'26/07/17
1684,6155,鈞寶,09/04,56.2,+2.4,+4.46,2026,年,0.8,0,0.8,87,0.92,,0,0.92,'26/07/06,,'26/07/31
1685,6156,松上,09/04,20.8,+0.15,+0.73,2026,年,0.2,0,0.2,28.35,0.71,,0,0.71,'26/07/14,,'26/08/17
1686,6158,禾昌,09/04,17.4,+0.1,+0.58,2026,年,0,0,0,,0,,0,0,,,
1687,6160,欣技,09/04,14.75,0,0,2026,年,0,0,0,,0,,0,0,,,
1688,6161,捷波,09/04,51.6,-0.1,-0.19,2026,年,2.2,0,2.2,55,4,,0,4,'26/07/16,,'26/08/14
1689,6163,華電網,09/04,41.2,+0.9,+2.23,2026,年,0.578,0,0.578,41.2,1.4,,0,1.4,'26/09/09,,'26/10/08
1690,6164,華興,09/04,11.95,+0.05,+0.42,2026,年,0,0,0,,0,,0,0,,,
1691,6165,浪凡,09/04,48.9,-0.3,-0.61,2026,年,5,0,5,48.9,10.2,,0,10.2,,,
1692,6166,凌華,09/04,121.5,+7.5,+6.58,2026,年,1.199,0,1.199,135.5,0.88,,0,0.88,'26/07/09,,'26/08/07
1693,6167,久正,09/04,10.2,-0.1,-0.97,2026,年,0,0,0,,0,,0,0,,,
1694,6168,宏齊,09/04,29.05,+1.45,+5.25,2026,年,0,0,0,,0,,0,0,,,
1695,6169,昱泉,09/04,12.15,-0.2,-1.62,2026,年,0,0,0,,0,,0,0,,,
1696,6170,統振,09/04,48.45,+0.45,+0.94,2026,年,4,0,4,52.3,7.65,,0,7.65,'26/07/08,,'26/07/31
1697,6171,大城地產,09/04,26.2,+0.35,+1.35,2026,年,2,0,2,26.2,7.63,,0,7.63,,,
1698,6173,信昌電,09/04,260.5,+19.5,+8.09,2026,年,1.8,0,1.8,273,0.66,,0,0.66,'26/07/09,,'26/07/29
1699,6174,安碁,09/04,43.4,+0.85,+2,2026,年,0.34,0,0.34,49.8,0.68,,0,0.68,'26/07/01,,'26/07/30
1700,6175,立敦,09/04,71.8,+2.5,+3.61,2026,年,1.5,0,1.5,81.7,1.84,,0,1.84,'26/07/28,,'26/08/21
1701,6176,瑞儀,09/04,91.9,+1.6,+1.77,2026,年,3.5,0,3.5,106.5,3.29,,0,3.29,'26/06/01,,'26/06/30
1702,6179,亞通,09/04,29.6,+0.4,+1.37,2026,年,0.5,0,0.5,27.85,1.8,,0,1.8,'26/08/14,,'26/09/10
1703,6180,橘子,09/04,41.8,+1.05,+2.58,2026,年,1.025,0,1.025,41.8,2.45,,0,2.45,'26/07/30,,'26/08/19
1704,6182,合晶,09/04,111,+6.5,+6.22,2026,年,0,0,0,,0,,0,0,,,
1705,6183,關貿,09/04,91.6,+0.3,+0.33,2026,年,3.55,0,3.55,94.6,3.75,,0,3.75,'26/08/28,,'26/09/24
1706,6184,大豐電,09/04,40.3,0,0,2026,半年,3,0,3,46.95,6.39,,0,6.39,'26/06/24,,'26/07/17
1707,6185,幃翔,09/04,12.75,0,0,2026,年,0.393,0,0.393,14.2,2.76,,0,2.76,'26/07/02,,'26/07/30
1708,6187,萬潤,09/04,1305,+5,+0.38,2026,年,11.66,0,11.66,929,1.26,,0,1.26,'26/08/03,,'26/08/21
1709,6188,廣明,09/04,66.6,+1,+1.52,2026,半年,2.5,0,2.5,72.2,2.9,,0,2.9,'26/08/14,,'26/09/10
1710,6190,萬泰科,09/04,68,+0.7,+1.04,2026,年,1.933,0,1.933,78.1,2.48,,0,2.48,'26/07/16,,'26/08/14
1711,6191,精成科,09/04,82.5,+1.1,+1.35,2026,年,2.6,0,2.6,105.5,2.46,,0,2.46,'26/07/09,,'26/07/29
1712,6192,巨路,09/04,116.5,+1,+0.87,2026,年,5.8,0,5.8,127,4.57,,0,4.57,'26/04/23,,'26/05/21
1713,6194,育富,09/04,29.65,0,0,2026,年,1.5,0,1.5,31.4,4.78,,0,4.78,'26/07/17,,'26/08/10
1714,6195,詩肯,09/04,27.75,-0.1,-0.36,2026,年,1,0,1,24.65,4.06,,0,4.06,'26/06/29,,'26/07/17
1715,6196,帆宣,09/04,516,+16,+3.2,2026,年,6.449,0,6.449,541,1.19,,0,1.19,'26/06/24,,'26/07/15
1716,6197,佳必琪,09/04,315,+16,+5.35,2026,年,6.923,0,6.923,348,1.99,,0,1.99,'26/07/02,,'26/07/22
1717,6198,瑞築,09/04,19.75,-0.05,-0.25,2026,年,0,0,0,,0,,0,0,,,
1718,6199,天品,09/04,96.1,+0.9,+0.95,2026,年,0,0,0,,0,,0,0,,,
1719,6201,亞弘電,09/04,44.55,+0.1,+0.22,2026,年,3.1,0,3.1,49.15,6.31,,0,6.31,'26/08/05,,'26/08/31
1720,6202,盛群,09/04,58.8,+1.8,+3.16,2026,年,0.68,0,0.68,63.8,1.07,,0,1.07,'26/08/13,,'26/09/04
1721,6203,海韻電,09/04,60.7,+0.4,+0.66,2026,年,4,0,4,64.3,6.22,,0,6.22,'26/08/04,,'26/09/04
1722,6204,艾華,09/04,91.6,+3.1,+3.5,2026,年,0.5,0,0.5,91.6,0.55,,0,0.55,'26/09/14,,'26/10/07
1723,6205,詮欣,09/04,65.9,+0.5,+0.76,2026,年,1.5,0,1.5,80.7,1.86,,0,1.86,'26/06/25,,'26/07/24
1724,6206,飛捷,09/04,138.5,+4,+2.97,2026,年,5.5,0,5.5,120.5,4.56,,0,4.56,'26/07/22,,'26/08/18
1725,6207,雷科,09/04,111,+7,+6.73,2026,年,0.603,0,0.603,140.5,0.43,,0,0.43,'26/07/17,,'26/08/13
1726,6208,日揚,09/04,74.2,-2.3,-3.01,2026,年,2,0,2,105,1.9,,0,1.9,'26/06/25,,'26/07/20
1727,6209,今國光,09/04,81.5,+0.4,+0.49,2026,年,0.496,0,0.496,69.8,0.71,,0,0.71,'26/08/04,,'26/08/31
1728,6210,慶生,09/04,17.75,-0.05,-0.28,2026,年,0,0,0,,0,,0,0,,,
1729,6212,理銘,09/04,31.7,+0.75,+2.42,2026,年,0,0,0,,0,,0,0,,,
1730,6213,聯茂,09/04,517,+5,+0.98,2026,年,2.999,0,2.999,360,0.83,,0,0.83,'26/07/02,,'26/08/07
1731,6214,精誠,09/04,185.5,+2.5,+1.37,2026,年,6,0,6,141,4.26,,0,4.26,'26/06/23,,'26/07/10
1732,6215,和椿,09/04,99,+1.2,+1.23,2026,年,1,0,1,105,0.95,,0,0.95,'26/07/15,,'26/08/13
1733,6216,居易,09/04,20.5,+0.05,+0.24,2026,年,1.03,0,1.03,22,4.68,,0,4.68,'26/08/26,,'26/10/01
1734,6217,中探針,09/04,188.5,-7,-3.58,2026,年,0,0,0,,0,,0,0,,,
1735,6218,豪勉,09/04,42.25,-0.35,-0.82,2026,年,0,0,0,,0,,0,0,,,
1736,6220,岳豐,09/04,25.8,+0.2,+0.78,2026,年,0.7,0,0.7,34.7,2.02,,0,2.02,'26/07/09,,'26/08/12
1737,6222,立軒,09/04,20,-0.05,-0.25,2026,年,0,0,0,,0,,0,0,,,
1738,6223,旺矽,09/04,5155,+110,+2.18,2026,年,22,0,22,6460,0.34,,0,0.34,'26/07/09,,'26/08/07
1739,6224,聚鼎,09/04,84.8,+5.2,+6.53,2026,年,1.25,0,1.25,57.7,2.17,,0,2.17,'26/04/16,,'26/05/07
1740,6225,天瀚,09/04,60,-0.4,-0.66,2026,年,0,0,0,,0,,0,0,,,
1741,6226,光鼎,09/04,33.5,+1.5,+4.69,2026,年,0,0,0,,0,,0,0,,,
1742,6227,茂綸,09/04,113.5,+0.5,+0.44,2026,年,4.5,0,4.5,118.5,3.8,,0,3.8,'26/08/27,,'26/09/18
1743,6228,全譜,09/04,17.3,0,0,2026,年,0,0,0,,0,,0,0,,,
1744,6229,研通,09/04,23.65,+0.05,+0.21,2026,年,0.6,0,0.6,26.35,2.28,,0,2.28,'26/07/16,,'26/08/14
1745,6230,尼得科超眾,09/04,110.5,+4.5,+4.25,2026,年,0,0,0,,0,,0,0,,,
1746,6231,系微,09/04,212,+4,+1.92,2026,年,5.7,0,5.7,238,2.39,,0,2.39,'26/07/22,,'26/08/13
1747,6233,旺玖,09/04,20.85,-0.1,-0.48,2026,年,0.75,0,0.75,25.25,2.97,,0,2.97,'26/07/08,,'26/07/29
1748,6234,高僑,09/04,34.2,+0.1,+0.29,2026,年,0.25,0,0.25,35.55,0.7,,0,0.7,'26/09/03,,'26/09/24
1749,6235,華孚,09/04,39.45,0,0,2026,年,1.2,0,1.2,49.1,2.44,,0,2.44,'26/03/20,,'26/04/22
1750,6236,中湛,09/04,18.75,0,0,2026,年,0,0,0,,0,,0,0,,,
1751,6237,驊訊,09/04,35.2,0,0,2026,年,0.1,0,0.1,41.3,0.24,,0,0.24,'26/07/14,,'26/08/06
1752,6239,力成,09/04,276.5,+1.5,+0.55,2026,年,4.5,0,4.5,233,1.93,,0,1.93,'26/07/30,,'26/09/04
1753,6240,松崗,09/04,25.2,-2.75,-9.84,2026,年,0,0,0,,0,,0,0,,,
1754,6241,鑫永洋,09/04,16.75,0,0,2026,年,0,0,0,,0,,0,0,,,
1755,6242,立康,09/04,34,+0.2,+0.59,2026,年,2,0,2,38.15,5.24,,0,5.24,'26/06/16,,'26/07/22
1756,6243,迅杰,09/04,39.4,+0.55,+1.42,2026,年,0,0,0,,0,,0,0,,,
1757,6244,茂迪,09/04,23.4,+0.3,+1.3,2026,年,0.14,0,0.14,25.85,0.54,,0,0.54,'26/07/22,,'26/08/19
1758,6245,立端,09/04,78.2,+2.1,+2.76,2026,年,3.8,0,3.8,81.8,4.65,,0,4.65,'26/09/01,,'26/09/30
1759,6246,臺龍,09/04,12.8,+0.05,+0.39,2026,年,0,0,0,,0,,0,0,,,
1760,6248,沛波,09/04,16.95,0,0,2026,年,1.217,0,1.217,18.3,6.65,,0,6.65,'26/08/25,,'26/09/24
1761,6257,矽格,09/04,212,+3,+1.44,2026,年,4.25,0,4.25,273,1.56,,0,1.56,'26/07/07,,'26/07/24
1762,6261,久元,09/04,78.4,-0.2,-0.25,2026,半年,2.5,0,2.5,82.4,3.03,,0,3.03,'26/08/27,,'26/09/29
1763,6263,普萊德,09/04,169.5,-2,-1.17,2026,年,7.8,0,7.8,181.5,4.3,,0,4.3,'26/06/05,,'26/07/06
1764,6264,富裔,09/04,6.01,0,0,2026,年,0,0,0,,0,,0,0,,,
1765,6265,方土昶,09/04,54.2,+0.1,+0.18,2026,年,0,0,0,,0,,0,0,,,
1766,6269,台郡,09/04,67.7,+2.7,+4.15,2026,年,0,0,0,,0,,0,0,,,
1767,6270,倍微,09/04,28.5,+0.3,+1.06,2026,年,1,0,1,39.35,2.54,,0,2.54,'26/07/02,,'26/07/24
1768,6271,同欣電,09/04,237,+21.5,+9.98,2026,半年,3,0,3,240,1.25,,0,1.25,'26/06/10,,
1769,6272,驊陞,09/04,29.8,+0.85,+2.94,2026,年,2.016,0,2.016,35.25,5.72,,0,5.72,'26/06/15,,'26/07/03
1770,6274,台燿,09/04,1365,+20,+1.49,2026,年,7.507,0,7.507,946,0.79,,0,0.79,'26/04/16,,'26/05/19
1771,6275,元山,09/04,48.15,+3.1,+6.88,2026,年,1.992,0,1.992,44.7,4.46,,0,4.46,'26/07/22,,'26/08/17
1772,6276,安鈦克,09/04,20.7,+0.4,+1.97,2026,年,0,0,0,,0,,0,0,,,
1773,6277,宏正,09/04,80.3,+0.4,+0.5,2026,季,2.5,0,2.5,80.5,3.11,,0,3.11,'26/07/20,,'26/08/14
1774,6278,台表科,09/04,200,+8.5,+4.44,2026,年,5.565,0,5.565,200,2.78,,0,2.78,'26/07/09,,'26/08/07
1775,6281,全國電,09/04,51.4,+0.1,+0.19,2026,年,3.3,0,3.3,60.5,5.45,,0,5.45,'26/03/25,,'26/05/25
1776,6282,康舒,09/04,44,+0.8,+1.85,2026,年,0.8,0,0.8,47.8,1.67,,0,1.67,'26/08/17,,'26/09/11
1777,6283,淳安,09/04,20.05,+0.05,+0.25,2026,年,0,0,0,,0,,0,0,,,
1778,6284,佳邦,09/04,79.1,+3.5,+4.63,2026,年,1.89,0,1.89,100,1.89,,0,1.89,'26/07/09,,'26/07/29
1779,6285,啟碁,09/04,243.5,+10,+4.28,2026,年,4.302,0,4.302,259.5,1.66,,0,1.66,'26/07/01,,'26/07/23
1780,6290,良維,09/04,270,+24.5,+9.98,2026,年,6.192,0,6.192,250,2.48,,0,2.48,'26/07/23,,'26/08/19
1781,6291,沛亨,09/04,456.5,-1.5,-0.33,2026,年,6,0,6,344,1.74,,0,1.74,'26/04/01,,'26/05/06
1782,6292,迅德,09/04,62,+2,+3.33,2026,年,1.8,0,1.8,68,2.65,,0,2.65,'26/06/23,,'26/07/15
1783,6405,悅城,09/04,40.1,+0.9,+2.3,2026,年,0,0,0,,0,,0,0,,,
1784,6409,旭隼,09/04,965,-7,-0.72,2026,年,36.77,0,36.77,998,3.68,,0,3.68,'26/07/23,,'26/08/20
1785,6411,晶焱,09/04,80.2,+1.2,+1.52,2026,年,2.216,0,2.216,75.6,2.93,,0,2.93,'26/07/29,,'26/08/25
1786,6412,群電,09/04,77.4,+0.1,+0.13,2026,年,3.7,0,3.7,94,3.94,,0,3.94,'26/06/09,,'26/07/08
1787,6414,樺漢,09/04,395,+14,+3.67,2026,年,13.78,0,13.78,381.5,3.61,,0,3.61,'26/06/16,,'26/07/15
1788,6415,矽力*-KY,09/04,428.5,+17.5,+4.26,2026,年,2.553,0,2.553,293.5,0.87,,0,0.87,'26/03/26,,'26/04/24
1789,6416,瑞祺電通,09/04,100.5,+5,+5.24,2026,年,2.8,0,2.8,102,2.75,,0,2.75,'26/07/28,,'26/08/28
1790,6417,韋僑,09/04,108,+3.5,+3.35,2026,年,2.4,0,2.4,114,2.11,,0,2.11,'26/08/04,,'26/09/02
1791,6418,詠昇,09/04,33.25,-0.3,-0.89,2026,年,0.38,0,0.38,31.85,1.19,,0,1.19,'26/06/12,,'26/07/08
1792,6419,京晨科,09/04,155.5,+9.5,+6.51,2026,年,0,0,0,,0,,0,0,,,
1793,6425,易發,09/04,62.8,+1.3,+2.11,2026,年,0.989,0,0.989,73.2,1.35,,0,1.35,'26/07/01,,'26/07/27
1794,6426,統新,09/04,269.5,+4,+1.51,2026,年,0.5,0,0.5,270,0.19,,0,0.19,'26/09/02,,'26/09/24
1795,6431,光麗-KY,09/04,19.85,+0.05,+0.25,2026,年,0,0,0,,0,,0,0,,,
1796,6432,今展科,09/04,60.9,+1.6,+2.7,2026,年,0.999,0,0.999,71.5,1.4,,0,1.4,'26/08/18,,'26/09/15
1797,6435,大中,09/04,246,+9,+3.8,2026,年,7.5,0,7.5,293,2.56,,0,2.56,'26/07/24,,'26/08/21
1798,6438,迅得,09/04,156.5,+2.5,+1.62,2026,半年,5,0,5,149,3.26,,0,3.26,'26/06/17,,'26/07/17
1799,6441,廣錠,09/04,21,+0.05,+0.24,2026,年,0,0,0,,0,,0,0,,,
1800,6442,光聖,09/04,1755,-15,-0.85,2026,年,11.26,0,11.26,1315,0.86,,0,0.86,'26/07/15,,'26/08/11
1801,6443,元晶,09/04,24.95,+0.4,+1.63,2026,年,0,0,0,,0,,0,0,,,
1802,6449,鈺邦,09/04,237.5,+21,+9.7,2026,年,4.201,0,4.201,428.5,0.98,,0,0.98,'26/06/23,,'26/07/15
1803,6451,訊芯-KY,09/04,449,-1,-0.22,2026,年,0.218,0,0.218,437.5,0.05,,0,0.05,'26/07/27,,'26/08/26
1804,6456,GIS-KY,09/04,68.8,+1.4,+2.08,2026,年,0,0,0,,0,,0,0,,,
1805,6462,神盾,09/04,101.5,+3.2,+3.26,2026,年,0,0,0,,0,,0,0,,,
1806,6465,威潤,09/04,46,0,0,2026,半年,0.2,0,0.2,66.9,0.3,,0,0.3,'26/06/16,,'26/07/13
1807,6470,宇智,09/04,41.8,+0.05,+0.12,2026,年,2.5,0,2.5,43.35,5.77,,0,5.77,'26/07/31,,'26/08/31
1808,6474,華豫寧,09/04,36.55,0,0,2026,年,2.5,0,2.5,40.35,6.2,,0,6.2,'26/08/28,,'26/09/23
1809,6477,安集,09/04,34.8,+0.2,+0.58,2026,年,0.35,0,0.35,39.85,0.88,,0,0.88,'26/07/10,,'26/07/31
1810,6485,點序,09/04,62,+2.9,+4.91,2026,年,0.478,0,0.478,66.6,0.72,,0,0.72,'26/08/13,,'26/08/31
1811,6486,互動,09/04,82.2,-0.9,-1.08,2026,年,6,0,6,84.9,7.07,,0,7.07,'26/07/15,,'26/08/07
1812,6488,環球晶,09/04,981,+54,+5.83,2026,半年,5.7,0,5.7,1480,0.39,,0,0.39,'26/07/16,,'26/08/14
1813,6491,晶碩,09/04,385,+4.5,+1.18,2026,年,10.01,0,10.01,379,2.64,,0,2.64,'26/08/07,,'26/08/28
1814,6492,生華科,09/04,33.65,-0.15,-0.44,2026,年,0,0,0,,0,,0,0,,,
1815,6494,九齊,09/04,56,+1,+1.82,2026,年,1,0,1,68.8,1.45,,0,1.45,'26/06/17,,'26/07/10
1816,6496,科懋,09/04,24.45,0,0,2026,年,0,0,0,,0,,0,0,,,
1817,6498,久禾光,09/04,75.4,+1.4,+1.89,2026,年,4.5,0,4.5,95,4.74,,0,4.74,'26/06/29,,'26/07/17
1818,6499,益安,09/04,73.2,+1.5,+2.09,2026,年,0,0,0,,0,,0,0,,,
1819,6504,南六,09/04,37.1,-0.3,-0.8,2026,年,1,0,1,37.1,2.7,,0,2.7,'26/09/10,,'26/10/14
1820,6505,台塑化,09/04,78.1,+1.6,+2.09,2026,年,1.2,0,1.2,54,2.22,,0,2.22,'26/06/23,,'26/07/24
1821,6506,雙邦,09/04,18.2,-0.2,-1.09,2026,年,1,0,1,18.4,5.43,,0,5.43,'26/07/23,,'26/08/21
1822,6508,惠光,09/04,25.75,-0.3,-1.15,2026,年,0.5,0,0.5,26,1.92,,0,1.92,'26/07/16,,'26/08/06
1823,6509,聚和,09/04,46.8,-0.15,-0.32,2026,年,1.394,0,1.394,42.5,3.28,,0,3.28,'26/07/30,,'26/08/26
1824,6510,精測,09/04,3350,0,0,2026,年,15.23,0,15.23,2840,0.54,,0,0.54,'26/07/09,,'26/08/05
1825,6512,啟發電,09/04,20.2,0,0,2026,年,0,0,0,,0,,0,0,,,
1826,6515,穎崴,09/04,7075,+75,+1.07,2026,年,49.44,0,49.44,6735,0.73,,0,0.73,'26/07/17,,'26/08/18
1827,6516,勤崴國際,09/04,57.3,-0.7,-1.21,2026,年,2.34,0,2.34,60.3,3.88,,0,3.88,'26/06/09,,'26/07/03
1828,6517,保勝光學,09/04,69.2,+2.4,+3.59,2026,年,1.5,0,1.5,67.3,2.23,,0,2.23,'26/07/28,,'26/08/24
1829,6523,達爾膚,09/04,89.7,+0.2,+0.22,2026,季,6,0,6,89.7,5.96,,0,5.96,'26/10/01,,'26/10/30
1830,6525,捷敏-KY,09/04,138,+2.5,+1.85,2026,年,5,0,5,119.5,4.18,,0,4.18,'26/06/05,,'26/06/30
1831,6526,達發,09/04,635,+5,+0.79,2026,年,13.5,0,13.5,686,1.97,,0,1.97,'26/07/07,,'26/07/31
1832,6527,明達醫,09/04,74.2,+0.1,+0.13,2026,年,2.9,0,2.9,70.4,4.12,,0,4.12,'26/07/21,,'26/08/14
1833,6530,創威,09/04,98.2,+3.2,+3.37,2026,年,2,0,2,99.7,2.01,,0,2.01,'26/06/23,,'26/07/15
1834,6531,愛普*,09/04,911,-1,-0.11,2026,年,6.986,0,6.986,1025,0.68,,0,0.68,'26/06/22,,'26/07/10
1835,6532,瑞耘,09/04,98,-1.8,-1.8,2026,年,3,0,3,88.9,3.37,,0,3.37,'26/06/15,,'26/07/09
1836,6533,晶心科,09/04,264,0,0,2026,年,0,0,0,,0,,0,0,,,
1837,6534,正瀚-創,09/04,91.1,+0.1,+0.11,2026,半年,5.309,0,5.309,92,5.7,,0,5.7,'26/09/01,,'26/09/23
1838,6535,順藥,09/04,79.7,+4.2,+5.56,2026,年,0,0,0,,0,,0,0,,,
1839,6538,倉和,09/04,300,+27,+9.89,2026,年,1.533,0,1.533,138,1.11,,0,1.11,'26/06/24,,'26/07/22
1840,6541,泰福-KY,09/04,31.7,+0.45,+1.44,2026,年,0,0,0,,0,,0,0,,,
1841,6542,隆中,09/04,43.75,-1.25,-2.78,2026,年,0.02,0,0.02,45.6,0.04,,0,0.04,'26/07/01,,'26/07/24
1842,6546,正基,09/04,62.5,+0.4,+0.64,2026,年,2.5,0,2.5,73.6,3.4,,0,3.4,'26/07/07,,'26/07/29
1843,6547,高端疫苗,09/04,61.5,-0.3,-0.49,2026,年,0,0,0,,0,,0,0,,,
1844,6548,長科*,09/04,75.2,+3.9,+5.47,2026,季,1.8,0,1.8,91.9,2.65,,0,2.65,'26/06/17,,'26/07/15
1845,6550,北極星藥業-KY,09/04,10.35,+0.05,+0.49,2026,年,0,0,0,,0,,0,0,,,
1846,6552,易華電,09/04,24.25,0,0,2026,年,0,0,0,,0,,0,0,,,
1847,6556,勝品,09/04,61.3,+0.6,+0.99,2026,年,3.5,0,3.5,69.3,5.05,,0,5.05,'26/07/14,,'26/08/10
1848,6558,興能高,09/04,24.75,+0.2,+0.81,2026,年,0,0,0,,0,,0,0,,,
1849,6560,欣普羅,09/04,31.4,+0.2,+0.64,2026,年,0,0,0,,0,,0,0,,,
1850,6561,是方,09/04,322,-0.5,-0.16,2026,半年,7.699,0,7.699,337,2.28,,0,2.28,'26/07/08,,'26/07/30
1851,6568,宏觀,09/04,137,+3.5,+2.62,2026,年,2,0,2,230,0.87,,0,0.87,'26/05/29,,'26/06/29
1852,6569,醫揚,09/04,91.8,+0.8,+0.88,2026,年,3,0,3,106,2.83,,0,2.83,'26/06/30,,'26/08/20
1853,6570,維田,09/04,51.6,+1.2,+2.38,2026,年,1.1,0,1.1,59.2,1.86,,0,1.86,'26/05/28,,'26/06/25
1854,6573,虹揚-KY,09/04,16.95,+0.65,+3.99,2026,年,0,0,0,,0,,0,0,,,
1855,6574,霈方,09/04,118.5,-1,-0.84,2026,季,3,0,3,126,2.38,,0,2.38,'26/08/19,,'26/09/17
1856,6576,逸達,09/04,80,-0.3,-0.37,2026,年,0,0,0,,0,,0,0,,,
1857,6577,勁豐,09/04,80.3,+0.4,+0.5,2026,年,5,0,5,79.3,6.31,,0,6.31,'26/06/17,,'26/07/17
1858,6578,達邦蛋白,09/04,18.3,+0.3,+1.67,,,,,,,,,,,,,
1859,6579,研揚,09/04,150.5,+8,+5.61,2026,年,3.75,0,3.75,165,2.27,,0,2.27,'26/06/17,,'26/07/15
1860,6581,鋼聯,09/04,109.5,+1,+0.92,2026,年,5.3,0,5.3,111.5,4.75,,0,4.75,'26/03/27,,'26/04/24
1861,6582,申豐,09/04,31.9,+0.2,+0.63,2026,年,0,0,0,,0,,0,0,,,
1862,6584,南俊國際,09/04,634,+5,+0.79,2026,年,2.441,0,2.441,634,0.38,,0,0.38,'26/09/08,,'26/09/30
1863,6585,鼎基,09/04,113,+1.5,+1.35,2026,年,4.5,0,4.5,142,3.17,,0,3.17,'26/06/25,,'26/07/16
1864,6588,東典光電,09/04,108.5,+5.5,+5.34,2026,年,0,0,0,,0,,0,0,,,
1865,6589,台康生技,09/04,48.05,+0.15,+0.31,2026,年,0,0,0,,0,,0,0,,,
1866,6591,動力-KY,09/04,42.7,+0.2,+0.47,2026,年,4,0,4,55.8,7.17,,0,7.17,'26/07/07,,'26/07/24
1867,6592,和潤企業,09/04,61,+0.1,+0.16,2026,年,3,0.3,3.3,64,4.69,64,0.47,5.16,'26/06/30,'26/06/30,'26/07/24
1870,6593,台灣銘板,09/04,31.55,-0.2,-0.63,2026,年,0,0,0,,0,,0,0,,,
1871,6596,寬宏藝術,09/04,95.4,+0.5,+0.53,2026,年,18.7,0,18.7,144,13,,0,13,'26/03/26,,'26/04/23
1872,6597,立誠,09/04,72.9,-0.1,-0.14,2026,年,1,0,1,72.9,1.37,,0,1.37,'26/05/20,,'26/06/18
1873,6598,ABC-KY,09/04,27,-0.2,-0.74,2026,年,0,0,0,,0,,0,0,,,
1874,6603,富強鑫,09/04,25.15,+0.25,+1,2026,半年,0.401,0,0.401,25.15,1.6,,0,1.6,'26/09/09,,'26/10/14
1875,6605,帝寶,09/04,138.5,+1.5,+1.09,2026,年,6.5,0,6.5,134,4.85,,0,4.85,'26/07/09,,'26/07/31
1876,6606,建德工業,09/04,25.4,-0.2,-0.78,2026,年,1.03,0,1.03,25.8,3.99,,0,3.99,'26/06/17,,'26/07/15
1877,6609,瀧澤科,09/04,39.9,-0.4,-0.99,2026,年,0,0,0,,0,,0,0,,,
1878,6613,朋億*,09/04,258.5,+1.5,+0.58,2026,半年,10,0,10,344,3.55,,0,3.55,'26/06/29,,'26/07/17
1879,6614,資拓宏宇,09/04,35.35,-0.05,-0.14,2026,年,1.65,0,1.65,39.75,4.15,,0,4.15,'26/07/15,,'26/08/14
1880,6615,慧智,09/04,34.1,0,0,2026,年,0,0,0,,0,,0,0,,,
1881,6616,特昇-KY,09/04,8.28,-0.01,-0.12,2026,半年,0,0,0,,0,,0,0,,,
1882,6617,共信-KY,09/04,123,+9.5,+8.37,2026,年,0,0,0,,0,,0,0,,,
1883,6620,漢達,09/04,107.5,+9.5,+9.69,2026,年,2.074,0,2.074,102.5,2.02,,0,2.02,'26/07/06,,'26/07/30
1884,6624,萬年清,09/04,40.65,+1.35,+3.44,2026,年,0.288,0,0.288,42,0.68,,0,0.68,'26/08/27,,'26/09/29
1885,6625,必應,09/04,75.3,-0.2,-0.26,2026,年,5,0,5,81.6,6.13,,0,6.13,'26/04/16,,'26/05/21
1886,6629,泰金-KY,09/04,108,+0.5,+0.47,2026,半年,6.196,0,6.196,114.5,5.28,,0,5.28,'26/06/24,,'26/07/29
1887,6637,醫影,09/04,55.9,-0.5,-0.89,2026,年,4.5,0,4.5,62.7,7.18,,0,7.18,'26/08/27,,'26/09/24
1888,6640,均華,09/04,1250,+65,+5.49,2026,年,15,0,15,1115,1.35,,0,1.35,'26/06/17,,'26/07/10
1889,6641,基士德-KY,09/04,17.25,+0.25,+1.47,2026,年,0.4,0,0.4,19.1,2.09,,0,2.09,'26/07/08,,'26/08/03
1890,6642,富致,09/04,83.3,+3,+3.74,2026,年,1.8,0,1.8,55.2,3.26,,0,3.26,'26/03/26,,'26/04/30
1891,6643,M31,09/04,407.5,+4.5,+1.12,2026,年,1.192,0,1.192,425,0.28,,0,0.28,'26/07/27,,'26/08/26
1892,6645,金萬林-創,09/04,12.35,-0.05,-0.4,2026,年,0,0,0,,0,,0,0,,,
1893,6649,台生材,09/04,35.75,0,0,2026,年,1,0,1,43.3,2.31,,0,2.31,'26/04/09,,'26/05/06
1894,6651,全宇昕,09/04,151,+3,+2.03,2026,年,4,0,4,90.9,4.4,,0,4.4,'26/03/27,,'26/04/28
1895,6654,天正國際,09/04,219.5,+4.5,+2.09,2026,年,0,0,0,,0,,0,0,,,
1896,6655,科定,09/04,117.5,+3.5,+3.07,2026,半年,4.8,0,4.8,123,3.9,,0,3.9,'26/07/01,,'26/07/24
1897,6657,華安,09/04,30,-0.2,-0.66,2026,年,0,0,0,,0,,0,0,,,
1898,6658,聯策,09/04,178,+4,+2.3,2026,年,1.2,0,1.2,188,0.64,,0,0.64,'26/06/08,,'26/07/10
1899,6661,威健生技,09/04,16.3,-0.2,-1.21,2026,年,0,0,0,,0,,0,0,,,
1900,6662,樂斯科,09/04,28.5,0,0,2026,年,1.55,0,1.55,30.2,5.13,,0,5.13,'26/08/07,,'26/09/07
1901,6664,群翊,09/04,355.5,-7.5,-2.07,2026,年,10.14,0,10.14,371,2.73,,0,2.73,'26/07/28,,'26/08/20
1902,6666,羅麗芬-KY,09/04,44.35,+0.3,+0.68,2026,年,2,0,2,43.5,4.6,,0,4.6,'26/08/20,,'26/09/22
1903,6667,信紘科,09/04,239.5,+21.5,+9.86,2026,年,11.71,0,11.71,292,4.01,,0,4.01,'26/06/23,,'26/07/09
1904,6668,中揚光,09/04,42.6,0,0,2026,年,0,0,0,,0,,0,0,,,
1905,6669,緯穎,09/04,2565,+90,+3.64,2026,年,144.4,19.83,164.2,5130,2.81,7800,0.25,3.07,'26/06/22,'26/09/02,'26/07/17
1906,6670,復盛應用,09/04,275.5,+0.5,+0.18,2026,年,16,0,16,287,5.57,,0,5.57,'26/06/24,,'26/07/17
1907,6671,三能-KY,09/04,23.2,+0.1,+0.43,2026,年,1.2,0,1.2,24,5,,0,5,'26/07/23,,'26/08/21
1908,6672,騰輝電子-KY,09/04,289,+26,+9.89,2026,半年,3.35,0,3.35,155.5,2.15,,0,2.15,'26/04/16,,'26/05/15
1909,6674,鋐寶科技,09/04,15.65,-0.15,-0.95,2026,年,0,0,0,,0,,0,0,,,
1910,6679,鈺太,09/04,206,-2.5,-1.2,2026,半年,6.5,0,6.5,343,1.9,,0,1.9,'26/05/27,,'26/06/25
1911,6680,鑫創電子,09/04,54.7,+3.3,+6.42,2026,年,0,0.299,0.299,,0,57.8,0.52,0.52,,'26/08/10,
1912,6683,雍智科技,09/04,1360,-25,-1.81,2026,年,9.001,0,9.001,1780,0.51,,0,0.51,'26/07/07,,'26/07/24
1913,6684,安格,09/04,46.3,+0.75,+1.65,2026,年,0,0,0,,0,,0,0,,,
1914,6689,伊雲谷,09/04,61,+0.2,+0.33,2026,年,2,0,2,59.1,3.38,,0,3.38,'26/07/29,,'26/08/20
1915,6690,安碁資訊,09/04,162.5,0,0,2026,年,9,0,9,173.5,5.19,,0,5.19,'26/06/25,,'26/07/23
1916,6692,進能服,09/04,23.05,-0.4,-1.71,2026,年,0.203,0,0.203,25.8,0.79,,0,0.79,'26/07/09,,'26/08/07
1917,6693,廣閎科,09/04,181.5,+3,+1.68,2026,年,0.6,0,0.6,249,0.24,,0,0.24,'26/07/08,,'26/07/31
1918,6695,芯鼎,09/04,49.5,+0.4,+0.81,2026,年,0,0,0,,0,,0,0,,,
1919,6697,東捷資訊,09/04,40.6,-0.65,-1.58,2026,年,2.6,0,2.6,45.05,5.77,,0,5.77,'26/03/27,,'26/04/27
1920,6698,旭暉應材,09/04,31.5,+0.1,+0.32,2026,年,0.5,0,0.5,39.9,1.25,,0,1.25,'26/07/14,,'26/08/14
1921,6706,惠特,09/04,127,+6.5,+5.39,2026,年,0,0,0,,0,,0,0,,,
1922,6708,天擎,09/04,38.75,-0.05,-0.13,2026,年,0,0,0,,0,,0,0,,,
1923,6715,嘉基,09/04,320,+12.5,+4.07,2026,年,1.943,0,1.943,443.5,0.44,,0,0.44,'26/07/02,,'26/07/31
1924,6716,應廣,09/04,117,-13,-10,2026,年,1.601,0,1.601,104.5,1.53,,0,1.53,'26/06/02,,'26/06/25
1925,6719,力智,09/04,191,+4,+2.14,2026,年,4.598,0,4.598,218,2.11,,0,2.11,'26/07/21,,'26/08/20
1926,6721,信實,09/04,50.2,-1,-1.95,2026,年,3.3,0,3.3,58.8,5.61,,0,5.61,'26/06/18,,'26/08/14
1927,6722,輝創,09/04,33.05,+0.35,+1.07,2026,年,2,0,2,39.2,5.1,,0,5.1,'26/06/16,,'26/07/10
1928,6725,矽科宏晟,09/04,225,+6,+2.74,2026,年,7,0,7,256,2.73,,0,2.73,'26/08/05,,'26/09/01
1929,6727,亞泰金屬,09/04,541,-9,-1.64,2026,年,4.5,0,4.5,417.5,1.08,,0,1.08,'26/07/16,,'26/08/07
1930,6728,上洋,09/04,107,0,0,2026,年,6.5,0,6.5,109.5,5.94,,0,5.94,'26/08/04,,'26/08/31
1931,6730,常廣,09/04,32.8,-0.2,-0.61,2026,年,1.5,0,1.5,38.2,3.93,,0,3.93,'26/07/06,,'26/07/31
1932,6732,昇佳電子,09/04,149.5,+1,+0.67,2026,年,5.5,0,5.5,183,3.01,,0,3.01,'26/05/28,,'26/06/26
1933,6733,博晟生醫,09/04,26.7,+0.2,+0.75,2026,年,0,0,0,,0,,0,0,,,
1934,6739,竹陞科技,09/04,1135,+60,+5.58,2026,年,13,0,13,1100,1.18,,0,1.18,'26/06/12,,'26/07/09
1935,6741,91APP*-KY,09/04,60,+0.4,+0.67,2026,年,2.055,0,2.055,62.6,3.28,,0,3.28,'26/06/15,,'26/07/14
1936,6742,澤米,09/04,44.95,+0.95,+2.16,2026,年,0,0,0,,0,,0,0,,,
1937,6743,安普新,09/04,28.6,+0.1,+0.35,2026,年,3,0,3,30.3,9.9,,0,9.9,'26/08/04,,'26/08/31
1938,6751,智聯服務,09/04,41.05,-0.65,-1.56,2026,年,3,0,3,49.5,6.06,,0,6.06,'26/06/25,,'26/07/23
1939,6753,龍德造船,09/04,137.5,+0.5,+0.36,2026,年,1.249,0,1.249,142.5,0.88,,0,0.88,'26/09/02,,'26/09/24
1940,6754,匯僑設計,09/04,42,+0.65,+1.57,2026,年,3.5,0,3.5,46.3,7.56,,0,7.56,'26/07/06,,'26/07/24
1941,6756,威鋒電子,09/04,101.5,+1,+1,2026,年,0.9,0,0.9,74.6,1.21,,0,1.21,'26/04/16,,'26/05/22
1942,6757,台灣虎航,09/04,55.9,0,0,2026,年,2.42,0,2.42,55.5,4.36,,0,4.36,'26/07/28,,'26/08/28
1943,6761,穩得,09/04,183,+1.5,+0.83,2026,年,6,0,6,189,3.17,,0,3.17,'26/03/26,,'26/04/23
1944,6763,綠界科技*,09/04,41.25,+0.45,+1.1,2026,半年,3,0,3,45.9,6.11,,0,6.11,'26/07/13,,'26/08/07
1945,6767,台微醫,09/04,25.5,0,0,2026,年,0,0,0,,0,,0,0,,,
1946,6768,志強-KY,09/04,64.1,+0.1,+0.16,2026,年,5.155,0,5.155,86,5.99,,0,5.99,'26/06/26,,'26/07/17
1947,6770,力積電,09/04,68.5,+0.7,+1.03,2026,半年,0.23,0,0.23,70.2,0.33,,0,0.33,'26/08/27,,'26/09/29
1948,6771,平和環保-創,09/04,41.8,+0.1,+0.24,2026,年,3.2,0,3.2,41.95,7.63,,0,7.63,'26/06/25,,'26/07/20
1949,6776,展碁國際,09/04,53.1,+0.4,+0.76,2026,年,3,0,3,57.8,5.19,,0,5.19,'26/06/25,,'26/07/23
1950,6781,AES-KY,09/04,1115,+55,+5.19,2026,年,19.1,0,19.1,1165,1.64,,0,1.64,'26/07/09,,'26/08/05
1951,6782,視陽,09/04,229.5,-5.5,-2.34,2026,半年,8.4,0,8.4,194.5,4.32,,0,4.32,'26/07/22,,'26/08/14
1952,6785,昱展新藥,09/04,91.9,+1.2,+1.32,2026,年,0.1,0,0.1,98.8,0.1,,0,0.1,'26/08/25,,'26/09/14
1953,6788,華景電,09/04,352.5,-2.5,-0.7,2026,年,15,0,15,425.5,3.53,,0,3.53,'26/06/02,,'26/06/26
1954,6789,采鈺,09/04,468,+2.5,+0.54,2026,年,3,0,3,537,0.56,,0,0.56,'26/06/26,,'26/07/24
1955,6790,永豐實,09/04,38.15,+0.15,+0.39,2026,年,2.65,0,2.65,40.6,6.53,,0,6.53,'26/07/13,,'26/08/14
1956,6791,虎門科技,09/04,99.9,+0.4,+0.4,2026,年,3.502,0,3.502,123.5,2.84,,0,2.84,'26/04/16,,'26/05/15
1957,6792,詠業,09/04,60.1,+0.9,+1.52,2026,年,2.5,0,2.5,68.5,3.65,,0,3.65,'26/06/17,,'26/07/16
1958,6794,向榮生技,09/04,73.7,-1.3,-1.73,2026,年,0,0,0,,0,,0,0,,,
1959,6799,來頡,09/04,80.6,+0.4,+0.5,2026,季,2.501,0,2.501,84.1,2.97,,0,2.97,'26/08/18,,'26/09/04
1960,6803,崑鼎,09/04,270.5,-0.5,-0.18,2026,年,15.78,0,15.78,291,5.42,,0,5.42,'26/07/03,,'26/07/24
1961,6804,明係,09/04,18.2,-0.15,-0.82,2026,年,0.5,0,0.5,16.3,3.07,,0,3.07,'26/07/07,,'26/07/27
1962,6805,富世達,09/04,2200,+105,+5.01,2026,年,12.5,0,12.5,1800,0.69,,0,0.69,'26/08/20,,'26/09/17
1963,6807,峰源-KY,09/04,32.75,+0.05,+0.15,2026,年,2.5,0,2.5,40.7,6.14,,0,6.14,'26/04/16,,'26/05/15
1964,6811,宏碁資訊,09/04,222,+2,+0.91,2026,年,10.5,0,10.5,225,4.67,,0,4.67,'26/06/25,,'26/07/23
1965,6821,聯寶,09/04,42.4,+1,+2.42,2026,年,1.086,0,1.086,64.4,1.69,,0,1.69,'26/04/24,,'26/05/18
1966,6823,濾能,09/04,60.3,+0.8,+1.34,2026,年,0,0,0,,0,,0,0,,,
1967,6829,千附精密,09/04,243.5,+12,+5.18,2026,年,3.5,0,3.5,208.5,1.68,,0,1.68,'26/07/08,,'26/08/10
1968,6830,汎銓,09/04,597,+7,+1.19,2026,年,1,0,1,662,0.15,,0,0.15,'26/04/09,,'26/05/08
1969,6831,邁科,09/04,605,+20,+3.42,2026,年,3,0,3,407,0.74,,0,0.74,'26/04/02,,'26/05/07
1970,6834,天二科技,09/04,94,+6.8,+7.8,2026,年,0.4,0,0.4,70,0.57,,0,0.57,'26/06/11,,'26/07/10
1971,6835,圓裕,09/04,31,-0.05,-0.16,2026,年,1.007,0,1.007,35.15,2.86,,0,2.86,'26/06/30,,'26/07/24
1972,6838,台新藥,09/04,24.65,+0.65,+2.71,2026,年,0,0,0,,0,,0,0,,,
1973,6840,東研信超,09/04,92.8,+2.7,+3,2026,年,0.999,0,0.999,65,1.54,,0,1.54,'26/07/07,,'26/07/31
1974,6841,長佳智能,09/04,54,+1.3,+2.47,2026,年,1,0,1,60.4,1.66,,0,1.66,'26/05/19,,'26/06/10
1975,6843,進典,09/04,38,0,0,2026,年,2,0,2,40.15,4.98,,0,4.98,'26/07/13,,'26/08/14
1976,6844,諾貝兒,09/04,60,0,0,2026,年,4,0,4,65.4,6.12,,0,6.12,'26/07/02,,'26/07/31
1977,6846,綠茵,09/04,58.1,-0.2,-0.34,2026,年,3.944,0,3.944,67,5.89,,0,5.89,'26/06/25,,'26/07/21
1978,6854,錼創科技-KY創,09/04,92.8,+0.1,+0.11,2026,年,0,0,0,,0,,0,0,,,
1979,6855,數泓科,09/04,120.5,+3.5,+2.99,2026,年,5.5,0,5.5,119.5,4.6,,0,4.6,'26/08/06,,'26/09/04
1980,6856,鑫傳,09/04,42.05,-0.25,-0.59,2026,年,3,0,3,45.6,6.58,,0,6.58,'26/07/06,,'26/07/31
1981,6859,伯特光,09/04,115,+3,+2.68,2026,年,2,0,2,125,1.6,,0,1.6,'26/06/29,,'26/07/24
1982,6861,睿生光電,09/04,183,+4.5,+2.52,2026,年,2,0,2,304,0.66,,0,0.66,'26/06/15,,'26/07/14
1983,6862,三集瑞-KY,09/04,140,+1,+0.72,2026,年,5,0,5,195,2.56,,0,2.56,'26/07/07,,'26/07/31
1984,6863,永道-KY,09/04,104.5,+0.5,+0.48,2026,年,1.5,0,1.5,109.5,1.37,,0,1.37,'26/07/24,,'26/08/27
1985,6869,雲豹能源,09/04,64.5,-0.5,-0.77,2026,年,2,0,2,68,2.94,,0,2.94,'26/08/10,,'26/08/28
1986,6872,浩宇生醫,09/04,18.55,+1.65,+9.76,2026,年,0,0,0,,0,,0,0,,,
1987,6874,倍力,09/04,69.8,-0.3,-0.43,2026,年,3,1,4,83.6,3.59,83.6,1.2,4.78,'26/09/03,'26/09/03,'26/09/24
1988,6875,國邑*,09/04,33.1,+0.1,+0.3,2026,年,0,0,0,,0,,0,0,,,
1989,6881,潤德,09/04,214,-1,-0.47,2026,年,18.5,0,18.5,268.5,6.89,,0,6.89,'26/06/18,,'26/07/03
1990,6884,海柏特,09/04,29.45,0,0,2026,年,1.5,0,1.5,34,4.41,,0,4.41,'26/06/25,,'26/07/23
1991,6885,全福生技,09/04,24.1,+0.85,+3.66,2026,年,0,0,0,,0,,0,0,,,
1992,6887,寶綠特-KY,09/04,38.05,+0.9,+2.42,2026,年,2.421,0,2.421,39.45,6.14,,0,6.14,'26/07/20,,'26/08/19
1993,6890,來億-KY,09/04,169.5,+0.5,+0.3,2026,年,8.968,0,8.968,206,4.35,,0,4.35,'26/07/13,,'26/08/10
1994,6894,衛司特,09/04,353,+4,+1.15,2026,年,8.5,0,8.5,374.5,2.27,,0,2.27,'26/03/25,,'26/04/24
1995,6895,宏碩系統,09/04,156.5,+3.5,+2.29,2026,年,2.9,0,2.9,178.5,1.62,,0,1.62,'26/04/10,,'26/05/15
1996,6899,創為精密,09/04,50,+0.3,+0.6,2026,半年,2.8,0,2.8,58.2,4.81,,0,4.81,'26/07/09,,'26/07/31
1997,6901,鑽石投資,09/04,14.95,+0.05,+0.34,2026,年,0,0,0,,0,,0,0,,,
1998,6902,GOGOLOOK,09/04,125,+1,+0.81,2026,年,0,0,0,,0,,0,0,,,
1999,6903,巨漢,09/04,312.5,+7,+2.29,2026,年,8.5,0,8.5,390.5,2.18,,0,2.18,'26/06/23,,'26/07/13
2000,6904,伯鑫,09/04,124.5,0,0,2026,年,5,0,5,127,3.94,,0,3.94,'26/07/22,,'26/08/13
2001,6906,現觀科,09/04,84.3,+0.9,+1.08,2026,年,1.8,0,1.8,80.3,2.24,,0,2.24,'26/07/14,,'26/08/07
2002,6908,宏碁遊戲-創,09/04,30.1,0,0,2026,年,1.24,0,1.24,38.5,3.22,,0,3.22,'26/06/25,,'26/07/23
2003,6909,創控,09/04,40.7,+1.1,+2.78,2026,年,1,0,1,53.5,1.87,,0,1.87,'26/06/01,,'26/06/29
2004,6910,德鴻,09/04,24.75,-0.05,-0.2,2026,年,1.75,0,1.75,32.3,5.42,,0,5.42,'26/03/20,,'26/04/21
2005,6914,阜爾運通,09/04,121,-1,-0.82,2026,年,6,2,8,148.5,4.04,148.5,1.35,5.39,'26/08/26,'26/08/26,'26/09/30
2006,6916,華凌,09/04,18.7,+0.2,+1.08,2026,年,0,0,0,,0,,0,0,,,
2007,6918,愛派司,09/04,77.8,+0.7,+0.91,2026,年,5,0,5,85,5.88,,0,5.88,'26/03/27,,'26/04/27
2008,6919,康霈*,09/04,86.4,+1.9,+2.25,2026,季,0,0,0,,0,,0,0,,,
2009,6921,嘉雨思-創,09/04,63.6,-0.1,-0.16,2026,年,0,0,0,,0,,0,0,,,
2010,6923,中台,09/04,75.3,-0.1,-0.13,2026,年,3.035,0,3.035,80,3.79,,0,3.79,'26/06/17,,'26/07/15
2011,6924,榮惠-KY創,09/04,123,+9.5,+8.37,2026,半年,8.5,0,8.5,123,6.89,,0,6.89,'26/09/15,,'26/10/13
2012,6925,意藍,09/04,50,0,0,2026,年,2,0,2,70,2.86,,0,2.86,'26/06/11,,'26/07/01
2013,6928,攸泰科技,09/04,48.5,+0.55,+1.15,2026,年,0,0,0,,0,,0,0,,,
2014,6929,佑全,09/04,22.6,+0.2,+0.89,2026,年,0,0,0,,0,,0,0,,,
2015,6931,青松健康,09/04,41,+0.05,+0.12,2026,季,0.48,0,0.48,39.25,1.08,,0,1.08,'26/07/27,,'26/08/26
2016,6933,AMAX-KY,09/04,317,+15,+4.97,2026,年,2.498,0,2.498,163,1.53,,0,1.53,'26/07/15,,'26/10/12
2017,6934,心誠鎂,09/04,72.6,-1.4,-1.89,2026,年,0,0,0,,0,,0,0,,,
2018,6936,永鴻生技,09/04,32.8,0,0,2026,年,1.51,0,1.51,34.3,4.4,,0,4.4,'26/06/09,,'26/07/10
2019,6937,天虹,09/04,283,+5,+1.8,2026,年,1.4,0,1.4,264,0.53,,0,0.53,'26/07/08,,'26/08/06
2020,6944,兆聯實業,09/04,696,+1,+0.14,2026,年,17,3,20,1030,1.65,1030,0.29,1.94,'26/07/23,'26/07/23,'26/08/10
2021,6945,圓祥生技,09/04,95.6,-1.8,-1.85,2026,年,0,0,0,,0,,0,0,,,
2022,6947,台鎔科技,09/04,69.8,+1.4,+2.05,2026,年,0.533,0,0.533,69.8,0.76,,0,0.76,'26/10/07,,'26/11/11
2023,6951,青新-創,09/04,71,-0.8,-1.11,2026,年,4,1.304,5.304,83,4.82,78.7,1.66,6.48,'26/06/11,'26/07/13,'26/07/13
2024,6952,大武山,09/04,38.2,+0.05,+0.13,2026,年,0,0,0,,0,,0,0,,,
2025,6953,家碩,09/04,238.5,+1,+0.42,2026,年,6,0,6,227.5,2.64,,0,2.64,'26/03/26,,'26/04/30
2026,6957,裕慶-KY,09/04,219.5,+2,+0.92,2026,年,9.104,0,9.104,226,4.03,,0,4.03,'26/08/03,,'26/08/31
2027,6961,旅天下,09/04,50,0,0,2026,年,5,0,5,61.4,8.14,,0,8.14,'26/06/11,,'26/07/13
2028,6962,奕力-KY,09/04,31.95,+0.15,+0.47,2026,年,1,0,1,30.15,3.32,,0,3.32,'26/07/30,,'26/08/26
2029,6965,中傑-KY,09/04,73.8,+0.1,+0.14,2026,年,5,0,5,82,6.1,,0,6.1,'26/06/22,,'26/07/14
2030,6967,汎瑋材料,09/04,69.2,-0.1,-0.14,2026,年,3.7,0,3.7,68.8,5.38,,0,5.38,'26/03/27,,'26/04/24
2031,6969,成信實業*-創,09/04,33.4,+0.05,+0.15,2026,年,0,0,0,,0,,0,0,,,
2032,6971,惠民實業,09/04,26.1,+0.05,+0.19,2026,年,1.5,0,1.5,26.1,5.75,,0,5.75,'26/09/09,,'26/10/15
2033,6982,大井泵浦,09/04,47.35,-0.3,-0.63,2026,年,1.596,0,1.596,58.6,2.72,,0,2.72,'26/06/24,,'26/07/21
2034,6983,華洋精機,09/04,355,-3,-0.84,2026,年,3,0,3,302,0.99,,0,0.99,'26/04/01,,'26/05/04
2035,6986,和迅,09/04,41.8,+0.3,+0.72,2026,年,0.194,0,0.194,43,0.45,,0,0.45,'26/08/18,,'26/09/17
2036,6988,威力暘-創,09/04,11.85,+0.55,+4.87,2026,年,0,0,0,,0,,0,0,,,
2037,6994,富威電力,09/04,35.2,-0.35,-0.98,2026,年,3,0,3,35.2,8.52,,0,8.52,,,
2038,6996,力領科技,09/04,183.5,+0.5,+0.27,2026,年,10,0,10,191.5,5.22,,0,5.22,'26/04/23,,'26/05/29
2039,6997,博弘,09/04,68,0,0,2026,年,4.6,0,4.6,76.6,6.01,,0,6.01,'26/08/05,,'26/09/03
2040,7402,邑錡,09/04,104.5,+1.5,+1.46,2026,年,0.499,0,0.499,144,0.35,,0,0.35,'26/07/14,,'26/08/07
2041,7547,碩網,09/04,50.8,+0.2,+0.4,2026,年,1.778,0,1.778,54.4,3.27,,0,3.27,'26/08/21,,'26/09/23
2042,7584,樂意,09/04,27,+0.5,+1.89,2026,年,0.041,0.369,0.41,27.1,0.15,27.1,1.36,1.51,'26/08/31,'26/08/31,'26/10/05
2043,7631,聚賢研發-創,09/04,146,+5,+3.55,2026,季,5.15,0,5.15,164,3.54,,0,3.54,'26/06/29,,'26/07/31
2044,7642,昶瑞機電,09/04,75.7,-0.5,-0.66,2026,年,3,0,3,73.6,4.08,,0,4.08,'26/06/16,,'26/07/03
2045,7703,銳澤,09/04,187.5,+2,+1.08,2026,年,7,0,7,203.5,3.44,,0,3.44,'26/06/15,,'26/07/03
2046,7704,明遠精密,09/04,59.6,-0.5,-0.83,2026,年,1.8,0,1.8,60.2,2.99,,0,2.99,'26/06/09,,'26/07/03
2047,7705,三商餐飲,09/04,29.85,+0.05,+0.17,2026,年,1.6,0,1.6,32.9,4.86,,0,4.86,'26/07/06,,'26/07/31
2048,7708,全家餐飲,09/04,92,+0.1,+0.11,2026,年,5.5,0,5.5,94,5.85,,0,5.85,'26/07/30,,'26/09/04
2049,7709,榮田,09/04,77.3,+7,+9.96,2026,年,1.5,0,1.5,118,1.27,,0,1.27,'26/06/17,,'26/07/16
2050,7711,永擎,09/04,632,+57,+9.91,2026,年,8.987,0,8.987,324,2.77,,0,2.77,'26/06/30,,'26/07/20
2051,7712,博盛半導體,09/04,155,+3,+1.97,2026,年,4,0,4,151,2.65,,0,2.65,'26/08/13,,'26/08/28
2052,7713,威力德生醫,09/04,73.9,-0.1,-0.14,2026,年,4.1,0,4.1,73.5,5.58,,0,5.58,'26/03/27,,'26/04/27
2053,7714,創泓科技,09/04,160.5,+0.5,+0.31,2026,半年,5,0,5,166,3.59,,0,3.59,'26/08/18,,'26/09/14
2054,7715,裕山,09/04,28.95,+0.05,+0.17,2026,年,1.8,0,1.8,31.4,5.73,,0,5.73,'26/05/25,,'26/06/22
2055,7716,昱臺國際,09/04,23.5,-0.3,-1.26,2026,年,1.7,0,1.7,26.8,6.34,,0,6.34,'26/07/06,,'26/07/31
2056,7717,萊德光電-KY,09/04,449.5,+40.5,+9.9,2026,年,3.293,0,3.293,498,0.66,,0,0.66,'26/07/15,,'26/10/12
2057,7718,友鋮,09/04,46.5,-0.35,-0.75,2026,年,2.5,0,2.5,48.85,5.12,,0,5.12,'26/06/10,,'26/07/08
2058,7721,微程式,09/04,60.9,+0.6,+1,2026,年,1,0,1,68,1.47,,0,1.47,'26/07/16,,'26/08/14
2059,7722,LINEPAY,09/04,280,+5.5,+2,2026,年,1.5,0.5,2,333.5,0.45,312.5,0.16,0.61,'26/06/15,'26/07/23,'26/07/06
2060,7723,築間,09/04,18.95,+0.15,+0.8,2026,半年,0,0,0,,0,,0,0,,,
2061,7728,光焱科技,09/04,618,-21,-3.29,2026,年,5,0.1,5.1,700,0.71,633,0.02,0.73,'26/06/25,'26/08/27,'26/07/22
2062,7732,金興精密,09/04,33.55,+0.05,+0.15,2026,年,1.5,0,1.5,36.7,4.09,,0,4.09,'26/03/26,,'26/04/28
2063,7736,虎山,09/04,69.4,-0.5,-0.72,2026,年,3.8,0,3.8,82.9,4.58,,0,4.58,'26/03/26,,'26/04/17
2064,7740,熙特爾-創,09/04,132,+3,+2.33,2026,年,2.05,1.278,3.328,157,1.31,157,0.81,2.12,'26/07/24,'26/07/24,'26/09/01
2065,7743,金利食安,09/04,21.7,-0.1,-0.46,2026,年,0.5,0,0.5,21.2,2.36,,0,2.36,'26/08/10,,'26/08/28
2066,7744,崴寶,09/04,545,+24,+4.61,2026,年,7,0,7,504,1.39,,0,1.39,'26/06/02,,'26/07/06
2067,7747,昕奇雲端,09/04,114.5,+1.5,+1.33,2026,年,3,1,4,129,2.33,129,0.78,3.1,'26/07/10,'26/07/10,'26/08/11
2068,7749,意騰-KY,09/04,368.5,+5,+1.38,2026,年,9,0,9,401,2.24,,0,2.24,'26/07/16,,'26/08/12
2069,7750,新代,09/04,2415,+215,+9.77,2026,年,16,0,16,1265,1.26,,0,1.26,'26/04/01,,'26/04/30
2070,7751,竑騰,09/04,1610,+145,+9.9,2026,年,18,0,18,1500,1.2,,0,1.2,'26/03/31,,'26/04/27
2071,7753,星亞,09/04,36.5,+0.2,+0.55,2026,年,1.5,0,1.5,39.4,3.81,,0,3.81,'26/07/29,,'26/08/25
2072,7757,金色三麥,09/04,88.6,-0.1,-0.11,2026,年,7.75,0,7.75,110.5,7.01,,0,7.01,'26/06/09,,'26/07/07
2073,7760,享溫馨,09/04,33.2,0,0,2026,年,2,0,2,34,5.88,,0,5.88,'26/06/23,,'26/07/20
2074,7765,中華資安,09/04,221.5,-0.5,-0.23,2026,年,9.666,0,9.666,250,3.87,,0,3.87,'26/06/18,,'26/07/17
2075,7767,仁大資訊,09/04,44.95,0,0,2026,年,3,0,3,44.15,6.8,,0,6.8,'26/06/25,,'26/07/22
2076,7768,頌勝科技,09/04,282.5,+4.5,+1.62,2026,年,3.5,0,3.5,296,1.18,,0,1.18,'26/07/23,,'26/08/21
2077,7769,鴻勁,09/04,5980,+110,+1.87,2026,年,64.99,0,64.99,5175,1.26,,0,1.26,'26/07/30,,'26/08/28
2078,7770,君曜,09/04,35,-0.75,-2.1,2026,年,2,0,2,43.2,4.63,,0,4.63,'26/07/14,,'26/08/10
2079,7772,耀穎,09/04,109,+9.5,+9.55,2026,年,1.5,0,1.5,121.5,1.23,,0,1.23,'26/07/13,,'26/07/31
2080,7777,能率亞洲,09/04,38.3,+0.25,+0.66,2026,半年,0.025,0.225,0.25,41.3,0.06,41.3,0.54,0.61,'26/06/25,'26/06/25,'26/07/30
2081,7780,大研生醫*,09/04,16.7,+0.05,+0.3,2026,季,1.151,0,1.151,17.05,6.18,,0,6.18,'26/09/03,,'26/10/08
2082,7782,光速火箭,09/04,26.55,0,0,2026,年,2.011,0,2.011,30.8,6.53,,0,6.53,'26/04/24,,'26/05/22
2083,7786,東方風能,09/04,116.5,0,0,2026,年,5.6,0,5.6,128,4.38,,0,4.38,'26/07/28,,'26/08/25
2084,7788,松川精密,09/04,335,+20,+6.35,2026,年,2,0,2,230,0.87,,0,0.87,'26/07/24,,'26/08/21
2085,7791,皇家可口,09/04,55,-0.3,-0.54,2026,年,3.81,0,3.81,67.5,5.64,,0,5.64,'26/06/09,,'26/06/30
2086,7792,安葆,09/04,308,+3,+0.98,2026,年,8,0,8,259.5,3.08,,0,3.08,'26/06/17,,'26/07/15
2087,7794,宏碁智新,09/04,28.8,+0.4,+1.41,2026,年,1.6,0,1.6,51,3.14,,0,3.14,'26/03/26,,'26/04/23
2088,7795,長廣,09/04,505,+16,+3.27,2026,年,2.15,0,2.15,421,0.51,,0,0.51,'26/04/23,,'26/05/20
2089,7799,禾榮科,09/04,370,+18,+5.11,2026,年,0,0,0,,0,,0,0,,,
2090,7803,雲象科技-創,09/04,19.5,+0.4,+2.09,2026,年,0,0,0,,0,,0,0,,,
2091,7805,威聯通,09/04,508,+6,+1.2,2026,年,38,2,40,678,5.6,678,0.29,5.9,'26/08/24,'26/08/24,'26/09/22
2092,7810,捷創科技,09/04,217.5,-1,-0.46,2026,年,5,0,5,176.5,2.83,,0,2.83,'26/07/30,,'26/08/31
2093,7811,民盛,09/04,73.7,+0.6,+0.82,2026,年,5.67,0,5.67,80.5,7.04,,0,7.04,'26/07/10,,'26/08/03
2094,7814,海昌生技,09/04,29,0,0,2026,年,0,0,0,,0,,0,0,,,
2095,7818,溢泰實業,09/04,60.7,-0.1,-0.16,2026,年,2.036,0,2.036,63,3.23,,0,3.23,'26/08/26,,'26/09/22
2096,7819,精誠金融,09/04,35.2,-1.1,-3.03,2026,年,1.739,0,1.739,45.2,3.85,,0,3.85,'26/06/18,,'26/07/15
2097,7821,神數,09/04,39.55,+0.15,+0.38,,,,,,,,,,,,,
2098,7822,倍利科,09/04,922,+24,+2.67,2026,年,6.385,0,6.385,957,0.67,,0,0.67,'26/08/28,,'26/09/17
2099,7827,漢康-KY創,09/04,151,-0.5,-0.33,2026,年,0,0,0,,0,,0,0,,,
2100,7828,創新服務,09/04,1930,+175,+9.97,2026,年,4.53,0,4.53,1625,0.28,,0,0.28,'26/06/04,,'26/06/25
2101,7842,天能綠電,09/04,98.2,-0.7,-0.71,2026,年,3.2,0,3.2,169.5,1.89,,0,1.89,'26/03/26,,'26/04/28
2102,7855,和運租車,09/04,42.75,-0.05,-0.12,2026,年,3.22,0,3.22,101,3.19,,0,3.19,'26/06/26,,'26/07/24
2103,8011,台通,09/04,15.7,-0.05,-0.32,2026,年,0.7,0,0.7,18.4,3.8,,0,3.8,'26/06/17,,'26/07/21
2104,8016,矽創,09/04,293.5,+3.5,+1.21,2026,年,11.5,0,11.5,289.5,3.97,,0,3.97,'26/06/15,,'26/07/09
2105,8021,尖點,09/04,420,+6.5,+1.57,2026,年,1.972,0,1.972,487.5,0.4,,0,0.4,'26/07/15,,'26/08/07
2106,8024,佑華,09/04,12.9,0,0,2026,年,0,0,0,,0,,0,0,,,
2107,8027,鈦昇,09/04,181.5,+4.5,+2.54,2026,年,0,0,0,,0,,0,0,,,
2108,8028,昇陽半導體,09/04,239,+2.5,+1.06,2026,年,2.702,0,2.702,304,0.89,,0,0.89,'26/06/12,,'26/07/10
2109,8032,光菱,09/04,35.7,+0.3,+0.85,2026,年,1.2,0,1.2,42.7,2.81,,0,2.81,'26/07/02,,'26/07/28
2110,8033,雷虎,09/04,176,+3,+1.73,2026,年,0,0,0,,0,,0,0,,,
2111,8034,榮群,09/04,19.45,-0.05,-0.26,2026,年,1.2,0,1.2,22.8,5.26,,0,5.26,'26/06/29,,'26/07/22
2112,8038,長園科,09/04,31.9,+1.05,+3.4,2026,年,0,0,0,,0,,0,0,,,
2113,8039,台虹,09/04,297.5,+4.5,+1.54,2026,年,1.993,0,1.993,137.5,1.45,,0,1.45,'26/06/30,,'26/07/23
2114,8040,九暘,09/04,75,+0.3,+0.4,2026,年,0,0,0,,0,,0,0,,,
2115,8042,金山電,09/04,110.5,+10,+9.95,2026,年,1.196,0,1.196,132,0.91,,0,0.91,'26/06/09,,'26/07/03
2116,8043,蜜望實,09/04,142,+6.5,+4.8,2026,年,0.9,0,0.9,138.5,0.65,,0,0.65,'26/08/19,,'26/09/04
2117,8044,網家,09/04,24,+0.25,+1.05,2026,年,0,0,0,,0,,0,0,,,
2118,8045,達運光電,09/04,50.2,-0.2,-0.4,2026,年,1,0,1,58.8,1.7,,0,1.7,'26/06/29,,'26/07/24
2119,8046,南電,09/04,1055,-25,-2.31,2026,年,2,0,2,955,0.21,,0,0.21,'26/06/25,,'26/07/30
2120,8047,星雲,09/04,43,+0.7,+1.65,2026,年,0,0,0,,0,,0,0,,,
2121,8048,德勝,09/04,51.6,+1.6,+3.2,2026,年,2,0.3,2.3,57,3.51,57,0.53,4.04,'26/07/23,'26/07/23,'26/08/24
2122,8049,晶采,09/04,24.45,0,0,2026,年,1.4,0,1.4,26.45,5.29,,0,5.29,'26/08/17,,'26/09/10
2123,8050,廣積,09/04,56.4,+2.2,+4.06,2026,年,2.148,0,2.148,63,3.41,,0,3.41,'26/07/24,,'26/08/14
2124,8054,安國,09/04,82.5,+2.4,+3,2026,年,0,0,0,,0,,0,0,,,
2125,8059,凱碩,09/04,13.5,+0.2,+1.5,2026,年,0,0,0,,0,,0,0,,,
2126,8064,東捷,09/04,112,+10,+9.8,2026,年,0.981,0,0.981,134,0.73,,0,0.73,'26/06/29,,'26/07/24
2127,8066,來思達,09/04,14.7,+0.2,+1.38,2026,年,0,0,0,,0,,0,0,,,
2128,8067,志旭,09/04,11.75,-0.15,-1.26,2026,年,0,0,0,,0,,0,0,,,
2129,8068,全達,09/04,16.85,0,0,2026,年,0,0,0,,0,,0,0,,,
2130,8069,元太,09/04,148.5,+1.5,+1.02,2026,年,5.888,0,5.888,181.5,3.24,,0,3.24,'26/07/20,,'26/08/21
2131,8070,長華*,09/04,50.5,+1.3,+2.64,2026,半年,2,0,2,55.8,3.58,,0,3.58,'26/06/17,,'26/07/17
2132,8071,能率網通,09/04,23.25,+0.25,+1.09,2026,年,0,0,0,,0,,0,0,,,
2133,8072,陞泰,09/04,26.2,+0.15,+0.58,2026,年,1,0,1,30.25,3.31,,0,3.31,'26/07/06,,'26/07/31
2134,8074,鉅橡,09/04,53.3,+0.1,+0.19,2026,年,1.1,0,1.1,92.7,1.19,,0,1.19,'26/05/06,,'26/06/05
2135,8076,伍豐,09/04,22.15,+0.25,+1.14,2026,年,0.7,0,0.7,23.3,3,,0,3,'26/09/02,,'26/09/24
2136,8077,洛碁,09/04,43.8,0,0,2026,年,2,0,2,44.9,4.45,,0,4.45,'26/08/20,,'26/09/17
2137,8080,泰霖,09/04,28.8,+0.15,+0.52,2026,年,0,0,0,,0,,0,0,,,
2138,8081,致新,09/04,254.5,+3,+1.19,2026,年,16,0,16,309,5.18,,0,5.18,'26/07/02,,'26/07/29
2139,8083,瑞穎,09/04,158,+0.5,+0.32,2026,年,10,0,10,172,5.81,,0,5.81,'26/07/06,,'26/07/30
2140,8084,巨虹,09/04,45.55,-1.8,-3.8,2026,年,0,0,0,,0,,0,0,,,
2141,8085,福華,09/04,15.2,+0.2,+1.33,2026,年,0,0,0,,0,,0,0,,,
2142,8086,宏捷科,09/04,112.5,+0.5,+0.45,2026,年,1.68,0,1.68,118,1.42,,0,1.42,'26/09/01,,'26/09/30
2143,8087,麗升能源,09/04,27,+0.3,+1.12,2026,年,0,0,0,,0,,0,0,,,
2144,8088,品安,09/04,43.15,+0.2,+0.47,2026,年,1.5,0,1.5,64.7,2.32,,0,2.32,'26/07/01,,'26/07/22
2145,8091,翔名,09/04,215,+0.5,+0.23,2026,年,4.215,0,4.215,251,1.68,,0,1.68,'26/06/16,,'26/07/15
2146,8092,建暐,09/04,12.95,0,0,2026,年,0,0,0,,0,,0,0,,,
2147,8093,保銳,09/04,26.35,-0.2,-0.75,2026,年,0,0,0,,0,,0,0,,,
2148,8096,擎亞,09/04,104.5,+0.5,+0.48,2026,年,0.5,0,0.5,104.5,0.48,,0,0.48,'26/09/09,,'26/10/08
2149,8097,常珵,09/04,49,+0.2,+0.41,2026,年,0,0,0,,0,,0,0,,,
2150,8101,華冠,09/04,12,+0.35,+3,2026,年,0,0,0,,0,,0,0,,,
2151,8102,傑霖科技,09/04,65,0,0,2026,半年,1.9,0,1.9,65,3.15,,0,3.15,'26/10/22,,'26/11/20
2152,8103,瀚荃,09/04,122.5,+1.5,+1.24,2026,年,2.8,0,2.8,92,3.04,,0,3.04,'26/07/13,,'26/07/31
2153,8105,凌巨,09/04,15,0,0,2026,年,0,0,0,,0,,0,0,,,
2154,8107,大億金茂,09/04,12.4,+0.05,+0.4,2026,年,0,0,0,,0,,0,0,,,
2155,8109,博大,09/04,130,-1,-0.76,2026,年,4.5,0,4.5,101,4.46,,0,4.46,'26/03/26,,'26/04/24
2156,8110,華東,09/04,43.55,+0.3,+0.69,2026,年,1.494,0,1.494,51.3,2.91,,0,2.91,'26/07/09,,'26/07/29
2157,8111,立碁,09/04,70,-2,-2.78,2026,年,0.6,0,0.6,56.4,1.06,,0,1.06,'26/06/11,,'26/07/09
2158,8112,至上,09/04,90.5,+1.2,+1.34,2026,年,3.801,0,3.801,92.9,4.09,,0,4.09,'26/07/06,,'26/08/07
2160,8114,振樺電,09/04,194.5,+5.5,+2.91,2026,年,11.47,0,11.47,208.5,5.5,,0,5.5,'26/06/25,,'26/07/27
2161,8121,越峰,09/04,27.9,+1.05,+3.91,2026,年,0,0,0,,0,,0,0,,,
2162,8131,福懋科,09/04,61.4,+0.9,+1.49,2026,年,1,0,1,74.9,1.34,,0,1.34,'26/07/15,,'26/08/19
2163,8147,正淩,09/04,135,+8.5,+6.72,2026,年,3.03,0,3.03,154,1.97,,0,1.97,'26/07/09,,
2164,8150,南茂,09/04,90.1,+1,+1.12,2026,年,1.23,0,1.23,97.5,1.26,,0,1.26,'26/06/29,,'26/07/17
2165,8155,博智,09/04,348.5,+0.5,+0.14,2026,年,5.158,0,5.158,350,1.47,,0,1.47,'26/07/08,,'26/08/04
2166,8162,微矽電子-創,09/04,60.6,+1.7,+2.89,2026,年,1.5,0,1.5,70,2.14,,0,2.14,'26/06/17,,'26/07/15
2167,8163,達方,09/04,31.5,+0.4,+1.29,2026,年,0.5,0,0.5,43.6,1.15,,0,1.15,'26/06/17,,'26/07/16
2168,8171,天宇,09/04,19.55,+0.25,+1.3,2026,年,0,0,0,,0,,0,0,,,
2169,8176,智捷,09/04,9.77,+0.01,+0.1,2026,年,0,0,0,,0,,0,0,,,
2170,8182,加高,09/04,38.85,+0.85,+2.24,2026,年,0.25,0,0.25,45.5,0.55,,0,0.55,'26/07/15,,'26/08/14
2171,8183,精星,09/04,27.8,-0.55,-1.94,2026,年,0.8,0,0.8,33.8,2.37,,0,2.37,'26/07/09,,'26/07/30
2172,8201,無敵,09/04,11.8,+0.15,+1.29,2026,年,0,0,0,,0,,0,0,,,
2173,8210,勤誠,09/04,986,+38,+4.01,2026,年,14,0,14,1325,1.06,,0,1.06,'26/06/25,,'26/07/31
2174,8213,志超,09/04,32.95,+0.15,+0.46,2026,年,1.14,0,1.14,32.8,3.48,,0,3.48,'26/07/20,,'26/08/14
2175,8215,明基材,09/04,25.55,+0.25,+0.99,2026,年,0.3,0,0.3,24.45,1.23,,0,1.23,'26/07/21,,'26/08/17
2176,8222,寶一,09/04,37,+0.25,+0.68,2026,年,0.35,0,0.35,41.95,0.83,,0,0.83,'26/07/16,,'26/08/14
2177,8227,巨有科技,09/04,158.5,+2,+1.28,2026,年,1.7,0,1.7,189,0.9,,0,0.9,'26/06/25,,'26/07/23
2178,8234,新漢,09/04,68.3,+2.4,+3.64,2026,年,0.4,0,0.4,68.3,0.59,,0,0.59,'26/09/10,,'26/10/07
2179,8240,華宏,09/04,51.5,+3.7,+7.74,2026,年,1.3,0,1.3,53.2,2.44,,0,2.44,'26/07/01,,'26/07/28
2180,8249,菱光,09/04,40.95,+0.75,+1.87,2026,半年,2.079,0,2.079,51.4,4.04,,0,4.04,'26/06/24,,'26/07/22
2181,8255,朋程,09/04,145,0,0,2026,年,3.495,0,3.495,195,1.79,,0,1.79,'26/07/03,,'26/08/05
2182,8261,富鼎,09/04,180.5,+7.5,+4.34,2026,年,5,0,5,348,1.44,,0,1.44,'26/07/09,,'26/07/29
2183,8271,宇瞻,09/04,217,0,0,2026,年,4.448,0,4.448,194.5,2.29,,0,2.29,'26/07/01,,'26/07/27
2184,8272,全景軟體,09/04,64.9,+1.4,+2.2,2026,年,2.8,0,2.8,69.5,4.03,,0,4.03,'26/06/29,,'26/07/21
2185,8277,商丞,09/04,8,+0.01,+0.13,2026,年,0,0,0,,0,,0,0,,,
2186,8279,生展,09/04,79.2,-0.8,-1,2026,年,5,0,5,95,5.26,,0,5.26,'26/06/25,,'26/07/23
2187,8284,三竹,09/04,66,+0.3,+0.46,2026,年,4.003,0,4.003,63.3,6.32,,0,6.32,'26/07/08,,'26/07/30
2188,8289,泰藝,09/04,44.5,+0.3,+0.68,2026,年,0.15,0,0.15,69.4,0.22,,0,0.22,'26/06/16,,'26/07/10
2189,8291,尚茂,09/04,29.9,-2.1,-6.56,2026,年,0,0,0,,0,,0,0,,,
2190,8299,群聯,09/04,2015,+15,+0.75,2026,半年,76.96,0,76.96,2340,3.7,,0,3.7,'26/06/30,,'26/07/30
2191,8341,日友,09/04,75.2,+0.1,+0.13,2026,年,4,0,4,78.1,5.12,,0,5.12,'26/06/29,,'26/07/24
2192,8342,益張,09/04,87,0,0,2026,年,5,0,5,90.9,5.5,,0,5.5,'26/06/25,,'26/07/24
2194,8354,冠好,09/04,17.85,+0.15,+0.85,2026,年,0.11,0,0.11,15.8,0.7,,0,0.7,'26/08/05,,'26/09/02
2195,8358,金居,09/04,500,+30,+6.38,2026,年,2,0,2,439,0.46,,0,0.46,'26/07/17,,'26/08/20
2196,8367,建新國際,09/04,41,-0.15,-0.36,2026,年,2.85,0,2.85,46,6.2,,0,6.2,'26/03/26,,'26/04/30
2197,8374,羅昇,09/04,81.7,+2.5,+3.16,2026,年,0.2,0,0.2,85.7,0.23,,0,0.23,'26/07/09,,'26/08/05
2198,8383,千附,09/04,65.2,+1,+1.56,2026,年,2.5,0,2.5,84.2,2.97,,0,2.97,'26/07/15,,'26/08/17
2199,8390,金益鼎,09/04,97,-0.1,-0.1,2026,年,3.8,0,3.8,102.5,3.71,,0,3.71,'26/07/17,,'26/08/14
2200,8409,商之器,09/04,18.05,0,0,2026,年,0,0,0,,0,,0,0,,,
2201,8410,森田,09/04,30.4,-0.1,-0.33,2026,年,1.6,0,1.6,32,5,,0,5,'26/08/26,,'26/09/24
2202,8411,福貞-KY,09/04,13,+0.1,+0.78,2026,季,0.1,0,0.1,12.7,0.79,,0,0.79,'26/07/22,,
2203,8415,大國鋼,09/04,37.55,+0.2,+0.54,2026,年,1.5,0,1.5,35.3,4.25,,0,4.25,'26/07/02,,'26/07/31
2204,8416,實威,09/04,169,0,0,2026,年,8.5,0,8.5,180,4.72,,0,4.72,'26/06/17,,'26/07/08
2205,8421,旭源,09/04,12.85,+0.05,+0.39,2026,年,0,0,0,,0,,0,0,,,
2206,8422,可寧衛*,09/04,26.1,-0.05,-0.19,2026,年,1.198,0,1.198,28.25,4.24,,0,4.24,'26/06/29,,'26/07/24
2207,8424,惠普,09/04,68.8,0,0,2026,年,5,0,5,73.1,6.84,,0,6.84,'26/06/11,,'26/07/02
2208,8426,紅木-KY,09/04,20.8,+0.15,+0.73,2026,半年,0.8,0,0.8,20.85,3.84,,0,3.84,'26/07/08,,'26/07/31
2209,8429,金麗-KY,09/04,6.04,+0.04,+0.67,2026,年,0,0,0,,0,,0,0,,,
2210,8432,東生華,09/04,50.9,+0.6,+1.19,2026,年,2.61,0,2.61,53.1,4.92,,0,4.92,'26/06/12,,'26/07/10
2211,8433,弘帆,09/04,54.6,-0.1,-0.18,2026,年,4.2,0,4.2,61.3,6.85,,0,6.85,'26/04/16,,'26/05/15
2212,8435,鉅邁,09/04,53.4,0,0,2026,年,3.2,0,3.2,56.8,5.63,,0,5.63,'26/06/15,,'26/07/15
2213,8436,大江,09/04,112.5,+0.5,+0.45,2026,年,6.013,0,6.013,126,4.77,,0,4.77,'26/09/01,,'26/09/30
2214,8437,大地-KY,09/04,9.23,+0.02,+0.22,2026,年,0,0,0,,0,,0,0,,,
2215,8438,昶昕,09/04,68.8,0,0,2026,年,1.3,0,1.3,90.8,1.43,,0,1.43,'26/07/15,,'26/08/07
2216,8442,威宏-KY,09/04,45.55,+0.25,+0.55,2026,年,3,0,3,49.6,6.05,,0,6.05,'26/08/26,,'26/09/18
2217,8443,阿瘦,09/04,11.15,-0.05,-0.45,2026,季,0,0,0,,0,,0,0,,,
2218,8444,綠河-KY,09/04,4.95,+0.35,+7.61,2026,半年,0,0,0,,0,,0,0,,,
2219,8446,華研,09/04,85.7,+0.1,+0.12,2026,半年,8,0,8,99.1,8.07,,0,8.07,'26/04/16,,
2220,8450,霹靂,09/04,14.65,+0.15,+1.03,2026,年,0,0,0,,0,,0,0,,,
2221,8455,大拓-KY,09/04,22.5,0,0,2026,年,0,0,0,,0,,0,0,,,
2222,8462,柏文,09/04,165.5,0,0,2026,年,7.278,0,7.278,144.5,5.04,,0,5.04,'26/06/18,,'26/07/15
2223,8463,潤泰材,09/04,21.4,0,0,2026,年,0.8,0,0.8,22.1,3.62,,0,3.62,'26/06/18,,'26/07/03
2224,8464,億豐,09/04,373.5,+6,+1.63,2026,年,16,0,16,383,4.18,,0,4.18,'26/03/25,,'26/04/22
2225,8466,美吉吉-KY,09/04,15.1,-0.2,-1.31,2026,年,0.302,0,0.302,15.65,1.93,,0,1.93,'26/09/03,,'26/10/07
2226,8467,波力-KY,09/04,90.2,+0.2,+0.22,2026,季,5,0,5,99.7,5.23,,0,5.23,'26/07/31,,'26/09/29
2227,8472,夠麻吉,09/04,71.1,+3.1,+4.56,2026,年,0,0,0,,0,,0,0,,,
2228,8473,山林水,09/04,45.7,-0.45,-0.98,2026,年,0.782,1.059,1.842,45.7,1.71,45.7,2.32,4.03,'26/09/08,'26/09/08,'26/09/24
2229,8476,台境*,09/04,19.3,+0.1,+0.52,2026,年,0.2,0,0.2,24.45,0.82,,0,0.82,'26/07/06,,'26/07/30
2230,8477,創業家,09/04,15.25,-0.05,-0.33,2026,年,0,0,0,,0,,0,0,,,
2231,8478,東哥遊艇,09/04,142,+1,+0.71,2026,年,6.5,0,6.5,151.5,4.29,,0,4.29,'26/08/10,,'26/08/31
2232,8481,政伸,09/04,41,+0.4,+0.99,2026,年,2.75,0,2.75,41.6,6.61,,0,6.61,'26/07/20,,'26/08/10
2233,8482,商億-KY,09/04,48.45,+1.35,+2.87,2026,年,1.96,0,1.96,50,3.92,,0,3.92,'26/07/01,,'26/07/24
2234,8487,愛爾達-創,09/04,70.5,+0.1,+0.14,2026,年,4.806,0,4.806,82,5.86,,0,5.86,'26/06/02,,'26/06/30
2235,8488,吉源-KY,09/04,10.4,+0.63,+6.45,2026,年,0,0,0,,0,,0,0,,,
2236,8489,三貝德,09/04,22.1,+0.2,+0.91,2026,年,0,0,0,,0,,0,0,,,
2237,8499,鼎炫-KY,09/04,253,+0.5,+0.2,2026,年,8,0,8,306.5,2.61,,0,2.61,'26/07/09,,'26/08/10
2238,8905,裕國,09/04,35,+0.8,+2.34,2026,年,0.71,0,0.71,28.4,2.5,,0,2.5,'26/07/31,,'26/08/28
2239,8906,花王,09/04,29.1,-0.25,-0.85,2026,年,0,0,0,,0,,0,0,,,
2240,8916,光隆,09/04,40.95,0,0,2026,年,3.034,0,3.034,43.25,7.01,,0,7.01,'26/08/12,,'26/09/02
2241,8917,欣泰,09/04,52.5,0,0,2026,年,2.1,0,2.1,54,3.89,,0,3.89,'26/07/02,,'26/07/31
2242,8921,沈氏,09/04,16.45,+0.15,+0.92,2026,年,0.266,0,0.266,18.25,1.46,,0,1.46,'26/07/03,,'26/07/24
2243,8923,時報,09/04,18.75,0,0,2026,年,0.9,0,0.9,20,4.5,,0,4.5,'26/07/07,,'26/07/30
2244,8924,大田,09/04,51.3,+1,+1.99,2026,年,4.3,0,4.3,64.5,6.67,,0,6.67,'26/06/01,,'26/06/18
2245,8926,台汽電,09/04,57.5,+0.9,+1.59,2026,年,2.12,0,2.12,74.3,2.85,,0,2.85,'26/07/02,,'26/07/24
2246,8928,鉅明,09/04,24.95,+0.2,+0.81,2026,年,0.8,0,0.8,23.85,3.35,,0,3.35,'26/08/18,,'26/09/10
2247,8929,富堡,09/04,13.1,0,0,2026,年,0,0,0,,0,,0,0,,,
2248,8930,青鋼,09/04,30,-0.1,-0.33,2026,年,2.2,0,2.2,32.1,6.85,,0,6.85,'26/03/27,,'26/04/23
2249,8931,大汽電,09/04,41,+0.05,+0.12,2026,年,1.6,0,1.6,42.2,3.79,,0,3.79,'26/07/30,,'26/08/27
2250,8933,愛地雅,09/04,4.65,-0.01,-0.21,2026,年,0,0,0,,0,,0,0,,,
2251,8935,邦泰,09/04,18.1,+0.1,+0.56,2026,年,0,0,0,,0,,0,0,,,
2252,8936,國統,09/04,50.3,0,0,2026,年,3,0,3,50.3,5.96,,0,5.96,,,
2253,8937,合騏*,09/04,30,+0.9,+3.09,2026,年,0,0,0,,0,,0,0,,,
2254,8938,明安,09/04,52.7,+1.9,+3.74,2026,年,4,0,4,65.3,6.13,,0,6.13,'26/03/27,,'26/04/30
2255,8940,新天地,09/04,15,-0.05,-0.33,2026,年,0,0,0,,0,,0,0,,,
2256,8941,關中,09/04,44,+0.2,+0.46,2026,半年,2.5,0,2.5,44.5,5.64,,0,5.64,'26/08/27,,'26/09/16
2257,8942,森鉅,09/04,42.4,-0.1,-0.24,2026,半年,1,0,1,38.85,2.57,,0,2.57,'26/07/23,,'26/08/10
2258,8996,高力,09/04,1300,+115,+9.7,2026,年,4.555,0,4.555,845,0.54,,0,0.54,'26/03/27,,'26/04/22
2269,9802,鈺齊-KY,09/04,72.3,+0.1,+0.14,2026,半年,5.1,0,5.1,72.3,6.62,,0,6.62,'26/09/10,,'26/10/15
2270,9902,台火,09/04,13.65,+0.05,+0.37,2026,年,0,0,0,,0,,0,0,,,
2271,9904,寶成,09/04,24.6,+0.05,+0.2,2026,年,1.3,0,1.3,25,5.2,,0,5.2,'26/07/02,,'26/07/24
2272,9905,大華,09/04,21.5,+0.05,+0.23,2026,年,1.1,0,1.1,21.3,5.16,,0,5.16,'26/07/09,,'26/08/06
2273,9906,欣巴巴,09/04,42.2,-0.4,-0.94,2026,年,0,0.085,0.085,,0,42.2,0.2,0.2,,'26/09/10,
2274,9907,統一實,09/04,15.25,-0.1,-0.65,2026,年,1.18,0,1.18,16.7,7.07,,0,7.07,'26/06/22,,'26/07/22
2275,9908,大台北,09/04,29.05,0,0,2026,年,1.2,0,1.2,29.9,4.01,,0,4.01,'26/07/15,,'26/08/17
2276,9910,豐泰,09/04,68.9,+1.2,+1.77,2026,年,4.1,0,4.1,91.9,4.46,,0,4.46,'26/06/15,,'26/07/16
2277,9911,櫻花,09/04,81.2,-0.9,-1.1,2026,年,5,0,5,88,5.68,,0,5.68,'26/04/01,,'26/05/06
2278,9912,偉聯,09/04,12.95,+0.35,+2.78,2026,年,0,0,0,,0,,0,0,,,
2279,9914,美利達,09/04,79.3,-0.3,-0.38,2026,年,2.8,0,2.8,78.3,3.58,,0,3.58,'26/08/06,,'26/09/04
2280,9917,中保科,09/04,106.5,+0.5,+0.47,2026,年,5.7,0.5,6.2,116,4.91,111,0.45,5.36,'26/06/24,'26/08/31,'26/07/16
2281,9918,欣天然,09/04,43.1,-0.35,-0.81,2026,年,1.5,0,1.5,43.5,3.45,,0,3.45,'26/07/23,,'26/08/12
2282,9919,康那香,09/04,13.95,+0.1,+0.72,2026,年,0,0,0,,0,,0,0,,,
2283,9921,巨大,09/04,98.9,-1.6,-1.59,2026,年,1.819,0,1.819,104,1.75,,0,1.75,'26/08/25,,'26/09/17
2284,9924,福興,09/04,38.45,+0.05,+0.13,2026,年,2.5,0,2.5,42.8,5.84,,0,5.84,'26/06/09,,'26/07/03
2285,9925,新保,09/04,39.55,-0.15,-0.38,2026,年,2,0,2,41.4,4.83,,0,4.83,'26/07/24,,'26/08/25
2286,9926,新海,09/04,49.35,+0.2,+0.41,2026,年,2.1,0,2.1,50.8,4.13,,0,4.13,'26/07/21,,'26/08/21
2287,9927,泰銘,09/04,69.5,0,0,2026,年,5,0,5,69.5,7.19,,0,7.19,'26/10/01,,'26/10/29
2288,9928,中視,09/04,17.85,-0.15,-0.83,2026,年,0,0,0,,0,,0,0,,,
2289,9929,秋雨,09/04,11.3,-0.1,-0.88,2026,年,0,0,0,,0,,0,0,,,
2290,9930,中聯資源,09/04,63.1,+0.7,+1.12,2026,年,4,0,4,70.1,5.71,,0,5.71,'26/06/24,,'26/07/15
2291,9931,欣高,09/04,33.9,0,0,2026,年,1.8,0,1.8,35.1,5.13,,0,5.13,'26/06/30,,'26/07/27
2292,9934,成霖,09/04,11.1,+0.05,+0.45,2026,年,0.1,0,0.1,10.2,0.98,,0,0.98,'26/06/24,,'26/07/24
2293,9935,慶豐富,09/04,19.65,+0.05,+0.26,2026,年,1.2,0,1.2,20.5,5.85,,0,5.85,'26/07/06,,'26/07/24
2294,9937,全國,09/04,55.2,+0.1,+0.18,2026,年,2.2,0,2.2,56.9,3.87,,0,3.87,'26/07/16,,'26/08/14
2295,9938,百和,09/04,41.15,-0.1,-0.24,2026,年,3,0,3,45.9,6.54,,0,6.54,'26/08/04,,'26/08/31
2296,9939,宏全,09/04,131.5,0,0,2026,年,6.2,0,6.2,127.5,4.86,,0,4.86,'26/07/02,,'26/07/22
2297,9940,信義,09/04,20.5,+0.2,+0.99,2026,年,0.6,0,0.6,19.3,3.11,,0,3.11,'26/06/09,,'26/07/09
2299,9942,茂順,09/04,114.5,+0.5,+0.44,2026,年,7,0,7,120,5.83,,0,5.83,'26/07/30,,'26/08/28
2300,9943,好樂迪,09/04,51.2,+0.2,+0.39,2026,年,3.5,0,3.5,56.5,6.19,,0,6.19,'26/07/06,,'26/07/31
2301,9944,新麗,09/04,17.2,0,0,2026,年,0.3,0,0.3,17.85,1.68,,0,1.68,'26/06/25,,'26/07/22
2302,9945,潤泰新,09/04,28.45,+0.2,+0.71,2026,年,1.1,0,1.1,26.5,4.15,,0,4.15,'26/07/07,,'26/07/31
2303,9946,三發地產,09/04,17.6,+0.45,+2.62,2026,季,1.384,0,1.384,19.1,7.25,,0,7.25,'26/08/27,,'26/09/22
2304,9949,琉園,09/04,23.95,-0.25,-1.03,2026,半年,2.2,0,2.2,27.2,8.09,,0,8.09,'26/03/26,,'26/04/20
2305,9950,萬國通,09/04,10.3,0,0,2026,年,0,0,0,,0,,0,0,,,
2306,9951,皇田,09/04,50.4,-0.2,-0.4,2026,年,3.253,0,3.253,54.3,5.99,,0,5.99,'26/09/03,,'26/10/08
2307,9955,佳龍,09/04,23.85,+0.2,+0.85,2026,年,0,0,0,,0,,0,0,,,
2308,9958,世紀鋼,09/04,88.1,-0.3,-0.34,2026,年,4.5,0,4.5,115.5,3.9,,0,3.9,'26/07/23,,'26/08/21
2309,9960,邁達康,09/04,30.7,+0.45,+1.49,2026,年,1.55,0,1.55,32.9,4.71,,0,4.71,'26/08/06,,'26/09/07
2310,9962,有益,09/04,10.35,+0.05,+0.49,2026,年,0,0,0,,0,,0,0,,,
